Ticker,Name,GICS Sector,GICS Subsector,Headquarters
MMM,3M,Industrials,Industrial Conglomerates,"Saint Paul, Minnesota"
AOS,A. O. Smith,Industrials,Building Products,"Milwaukee, Wisconsin"
ABT,Abbott,Health Care,Health Care Equipment,"North Chicago, Illinois"
ABBV,AbbVie,Health Care,Biotechnology,"North Chicago, Illinois"
ACN,Accenture,Information Technology,IT Consulting & Other Services,"Dublin, Ireland"
ADBE,Adobe Inc.,Information Technology,Application Software,"San Jose, California"
AMD,Advanced Micro Devices,Information Technology,Semiconductors,"Santa Clara, California"
AES,AES Corporation,Utilities,Independent Power Producers & Energy Traders,"Arlington, Virginia"
AFL,Aflac,Financials,Life & Health Insurance,"Columbus, Georgia"
A,Agilent Technologies,Health Care,Life Sciences Tools & Services,"Santa Clara, California"
APD,Air Products and Chemicals,Materials,Industrial Gases,"Allentown, Pennsylvania"
ABNB,Airbnb,Consumer Discretionary,"Hotels, Resorts & Cruise Lines","San Francisco, California"
AKAM,Akamai,Information Technology,Internet Services & Infrastructure,"Cambridge, Massachusetts"
ALB,Albemarle Corporation,Materials,Specialty Chemicals,"Charlotte, North Carolina"
ARE,Alexandria Real Estate Equities,Real Estate,Office REITs,"Pasadena, California"
ALGN,Align Technology,Health Care,Health Care Supplies,"Tempe, Arizona"
ALLE,Allegion,Industrials,Building Products,"Dublin, Ireland"
LNT,Alliant Energy,Utilities,Electric Utilities,"Madison, Wisconsin"
ALL,Allstate,Financials,Property & Casualty Insurance,"Northbrook, Illinois"
GOOGL,Alphabet Inc. (Class A),Communication Services,Interactive Media & Services,"Mountain View, California"
GOOG,Alphabet Inc. (Class C),Communication Services,Interactive Media & Services,"Mountain View, California"
MO,Altria,Consumer Staples,Tobacco,"Richmond, Virginia"
AMZN,Amazon,Consumer Discretionary,Broadline Retail,"Seattle, Washington"
AMCR,Amcor,Materials,Paper & Plastic Packaging Products & Materials,"Warmley, Bristol, United Kingdom"
AEE,Ameren,Utilities,Multi-Utilities,"St. Louis, Missouri"
AAL,American Airlines Group,Industrials,Passenger Airlines,"Fort Worth, Texas"
AEP,American Electric Power,Utilities,Electric Utilities,"Columbus, Ohio"
AXP,American Express,Financials,Consumer Finance,"New York City, New York"
AIG,American International Group,Financials,Multi-line Insurance,"New York City, New York"
AMT,American Tower,Real Estate,Telecom Tower REITs,"Boston, Massachusetts"
AWK,American Water Works,Utilities,Water Utilities,"Camden, New Jersey"
AMP,Ameriprise Financial,Financials,Asset Management & Custody Banks,"Minneapolis, Minnesota"
AME,Ametek,Industrials,Electrical Components & Equipment,"Berwyn, Pennsylvania"
AMGN,Amgen,Health Care,Biotechnology,"Thousand Oaks, California"
APH,Amphenol,Information Technology,Electronic Components,"Wallingford, Connecticut"
ADI,Analog Devices,Information Technology,Semiconductors,"Wilmington, Massachusetts"
ANSS,Ansys,Information Technology,Application Software,"Canonsburg, Pennsylvania"
AON,Aon,Financials,Insurance Brokers,"London, UK"
APA,APA Corporation,Energy,Oil & Gas Exploration & Production,"Houston, Texas"
AAPL,Apple Inc.,Information Technology,"Technology Hardware, Storage & Peripherals","Cupertino, California"
AMAT,Applied Materials,Information Technology,Semiconductor Materials & Equipment,"Santa Clara, California"
APTV,Aptiv,Consumer Discretionary,Automotive Parts & Equipment,"Dublin, Ireland"
ACGL,Arch Capital Group,Financials,Property & Casualty Insurance,"Hamilton, Bermuda"
ADM,Archer-Daniels-Midland,Consumer Staples,Agricultural Products & Services,"Chicago, Illinois"
ANET,Arista Networks,Information Technology,Communications Equipment,"Santa Clara, California"
AJG,Arthur J. Gallagher & Co.,Financials,Insurance Brokers,"Rolling Meadows, Illinois"
AIZ,Assurant,Financials,Multi-line Insurance,"Atlanta, Georgia"
T,AT&T,Communication Services,Integrated Telecommunication Services,"Dallas, Texas"
ATO,Atmos Energy,Utilities,Gas Utilities,"Dallas, Texas"
ADSK,Autodesk,Information Technology,Application Software,"San Francisco, California"
ADP,Automated Data Processing,Industrials,Human Resource & Employment Services,"Roseland, New Jersey"
AZO,AutoZone,Consumer Discretionary,Automotive Retail,"Memphis, Tennessee"
AVB,AvalonBay Communities,Real Estate,Multi-Family Residential REITs,"Arlington, Virginia"
AVY,Avery Dennison,Materials,Paper & Plastic Packaging Products & Materials,"Mentor, Ohio"
AXON,Axon Enterprise,Industrials,Aerospace & Defense,"Scottsdale, Arizona"
BKR,Baker Hughes,Energy,Oil & Gas Equipment & Services,"Houston, Texas"
BALL,Ball Corporation,Materials,"Metal, Glass & Plastic Containers","Broomfield, Colorado"
BAC,Bank of America,Financials,Diversified Banks,"Charlotte, North Carolina"
BK,Bank of New York Mellon,Financials,Asset Management & Custody Banks,"New York City, New York"
BBWI,"Bath & Body Works, Inc.",Consumer Discretionary,Other Specialty Retail,"Columbus, Ohio"
BAX,Baxter International,Health Care,Health Care Equipment,"Deerfield, Illinois"
BDX,Becton Dickinson,Health Care,Health Care Equipment,"Franklin Lakes, New Jersey"
BRK.B,Berkshire Hathaway,Financials,Multi-Sector Holdings,"Omaha, Nebraska"
BBY,Best Buy,Consumer Discretionary,Computer & Electronics Retail,"Richfield, Minnesota"
BIO,Bio-Rad,Health Care,Life Sciences Tools & Services,"Hercules, California"
TECH,Bio-Techne,Health Care,Life Sciences Tools & Services,"Minneapolis, Minnesota"
BIIB,Biogen,Health Care,Biotechnology,"Cambridge, Massachusetts"
BLK,BlackRock,Financials,Asset Management & Custody Banks,"New York City, New York"
BX,Blackstone,Financials,Asset Management & Custody Banks,"New York City, New York"
BA,Boeing,Industrials,Aerospace & Defense,"Arlington, Virginia"
BKNG,Booking Holdings,Consumer Discretionary,"Hotels, Resorts & Cruise Lines","Norwalk, Connecticut"
BWA,BorgWarner,Consumer Discretionary,Automotive Parts & Equipment,"Auburn Hills, Michigan"
BXP,Boston Properties,Real Estate,Office REITs,"Boston, Massachusetts"
BSX,Boston Scientific,Health Care,Health Care Equipment,"Marlborough, Massachusetts"
BMY,Bristol Myers Squibb,Health Care,Pharmaceuticals,"New York City, New York"
AVGO,Broadcom Inc.,Information Technology,Semiconductors,"Palo Alto, California"
BR,Broadridge Financial Solutions,Industrials,Data Processing & Outsourced Services,"Lake Success, New York"
BRO,Brown & Brown,Financials,Insurance Brokers,"Daytona Beach, Florida"
BF.B,Brown–Forman,Consumer Staples,Distillers & Vintners,"Louisville, Kentucky"
BLDR,Builders FirstSource,Industrials,Building Products,"Irving, Texas"
BG,Bunge Global SA,Consumer Staples,Agricultural Products & Services,"Chesterfield, Missouri"
CDNS,Cadence Design Systems,Information Technology,Application Software,"San Jose, California"
CZR,Caesars Entertainment,Consumer Discretionary,Casinos & Gaming,"Reno, Nevada"
CPT,Camden Property Trust,Real Estate,Multi-Family Residential REITs,"Houston, Texas"
CPB,Campbell Soup Company,Consumer Staples,Packaged Foods & Meats,"Camden, New Jersey"
COF,Capital One,Financials,Consumer Finance,"Tysons Corner, Virginia"
CAH,Cardinal Health,Health Care,Health Care Distributors,"Dublin, Ohio"
KMX,CarMax,Consumer Discretionary,Automotive Retail,"Richmond, Virginia"
CCL,Carnival,Consumer Discretionary,"Hotels, Resorts & Cruise Lines","Miami, Florida"
CARR,Carrier Global,Industrials,Building Products,"Palm Beach Gardens, Florida"
CTLT,Catalent,Health Care,Pharmaceuticals,"Somerset, New Jersey"
CAT,Caterpillar Inc.,Industrials,Construction Machinery & Heavy Transportation Equipment,"Irving, Texas"
CBOE,Cboe Global Markets,Financials,Financial Exchanges & Data,"Chicago, Illinois"
CBRE,CBRE Group,Real Estate,Real Estate Services,"Dallas, Texas"
CDW,CDW,Information Technology,Technology Distributors,"Lincolnshire, Illinois"
CE,Celanese,Materials,Specialty Chemicals,"Irving, Texas"
COR,Cencora,Health Care,Health Care Distributors,"Conshohocken, Pennsylvania"
CNC,Centene Corporation,Health Care,Managed Health Care,"St. Louis, Missouri"
CNP,CenterPoint Energy,Utilities,Multi-Utilities,"Houston, Texas"
CDAY,Ceridian,Industrials,Human Resource & Employment Services,"Minneapolis, Minnesota"
CF,CF Industries,Materials,Fertilizers & Agricultural Chemicals,"Deerfield, Illinois"
CHRW,CH Robinson,Industrials,Air Freight & Logistics,"Eden Prairie, Minnesota"
CRL,Charles River Laboratories,Health Care,Life Sciences Tools & Services,"Wilmington, Massachusetts"
SCHW,Charles Schwab Corporation,Financials,Investment Banking & Brokerage,"Westlake, Texas"
CHTR,Charter Communications,Communication Services,Cable & Satellite,"Stamford, Connecticut"
CVX,Chevron Corporation,Energy,Integrated Oil & Gas,"San Ramon, California"
CMG,Chipotle Mexican Grill,Consumer Discretionary,Restaurants,"Newport Beach, California"
CB,Chubb Limited,Financials,Property & Casualty Insurance,"Zurich, Switzerland"
CHD,Church & Dwight,Consumer Staples,Household Products,"Ewing, New Jersey"
CI,Cigna,Health Care,Health Care Services,"Bloomfield, Connecticut"
CINF,Cincinnati Financial,Financials,Property & Casualty Insurance,"Fairfield, Ohio"
CTAS,Cintas,Industrials,Diversified Support Services,"Mason, Ohio"
CSCO,Cisco,Information Technology,Communications Equipment,"San Jose, California"
C,Citigroup,Financials,Diversified Banks,"New York City, New York"
CFG,Citizens Financial Group,Financials,Regional Banks,"Providence, Rhode Island"
CLX,Clorox,Consumer Staples,Household Products,"Oakland, California"
CME,CME Group,Financials,Financial Exchanges & Data,"Chicago, Illinois"
CMS,CMS Energy,Utilities,Multi-Utilities,"Jackson, Michigan"
KO,Coca-Cola Company (The),Consumer Staples,Soft Drinks & Non-alcoholic Beverages,"Atlanta, Georgia"
CTSH,Cognizant,Information Technology,IT Consulting & Other Services,"Teaneck, New Jersey"
CL,Colgate-Palmolive,Consumer Staples,Household Products,"New York City, New York"
CMCSA,Comcast,Communication Services,Cable & Satellite,"Philadelphia, Pennsylvania"
CMA,Comerica,Financials,Diversified Banks,"Dallas, Texas"
CAG,Conagra Brands,Consumer Staples,Packaged Foods & Meats,"Chicago, Illinois"
COP,ConocoPhillips,Energy,Oil & Gas Exploration & Production,"Houston, Texas"
ED,Consolidated Edison,Utilities,Multi-Utilities,"New York City, New York"
STZ,Constellation Brands,Consumer Staples,Distillers & Vintners,"Victor, New York"
CEG,Constellation Energy,Utilities,Electric Utilities,"Baltimore, Maryland"
COO,CooperCompanies,Health Care,Health Care Supplies,"San Ramon, California"
CPRT,Copart,Industrials,Diversified Support Services,"Dallas, Texas"
GLW,Corning Inc.,Information Technology,Electronic Components,"Corning, New York"
CTVA,Corteva,Materials,Fertilizers & Agricultural Chemicals,"Indianapolis, Indiana"
CSGP,CoStar Group,Real Estate,Real Estate Services,"Washington, D.C."
COST,Costco,Consumer Staples,Consumer Staples Merchandise Retail,"Issaquah, Washington"
CTRA,Coterra,Energy,Oil & Gas Exploration & Production,"Houston, Texas"
CCI,Crown Castle,Real Estate,Telecom Tower REITs,"Houston, Texas"
CSX,CSX,Industrials,Rail Transportation,"Jacksonville, Florida"
CMI,Cummins,Industrials,Construction Machinery & Heavy Transportation Equipment,"Columbus, Indiana"
CVS,CVS Health,Health Care,Health Care Services,"Woonsocket, Rhode Island"
DHR,Danaher Corporation,Health Care,Life Sciences Tools & Services,"Washington, D.C."
DRI,Darden Restaurants,Consumer Discretionary,Restaurants,"Orlando, Florida"
DVA,DaVita Inc.,Health Care,Health Care Services,"Denver, Colorado"
DE,John Deere,Industrials,Agricultural & Farm Machinery,"Moline, Illinois"
DAL,Delta Air Lines,Industrials,Passenger Airlines,"Atlanta, Georgia"
XRAY,Dentsply Sirona,Health Care,Health Care Supplies,"Charlotte, North Carolina"
DVN,Devon Energy,Energy,Oil & Gas Exploration & Production,"Oklahoma City, Oklahoma"
DXCM,Dexcom,Health Care,Health Care Equipment,"San Diego, California"
FANG,Diamondback Energy,Energy,Oil & Gas Exploration & Production,"Midland, Texas"
DLR,Digital Realty,Real Estate,Data Center REITs,"Austin, Texas"
DFS,Discover Financial,Financials,Consumer Finance,"Riverwoods, Illinois"
DG,Dollar General,Consumer Staples,Consumer Staples Merchandise Retail,"Goodlettsville, Tennessee"
DLTR,Dollar Tree,Consumer Staples,Consumer Staples Merchandise Retail,"Chesapeake, Virginia"
D,Dominion Energy,Utilities,Multi-Utilities,"Richmond, Virginia"
DPZ,"Domino's",Consumer Discretionary,Restaurants,"Ann Arbor, Michigan"
DOV,Dover Corporation,Industrials,Industrial Machinery & Supplies & Components,"Downers Grove, Illinois"
DOW,Dow Inc.,Materials,Commodity Chemicals,"Midland, Michigan"
DHI,DR Horton,Consumer Discretionary,Homebuilding,"Arlington, Texas"
DTE,DTE Energy,Utilities,Multi-Utilities,"Detroit, Michigan"
DUK,Duke Energy,Utilities,Electric Utilities,"Charlotte, North Carolina"
DD,DuPont,Materials,Specialty Chemicals,"Wilmington, Delaware"
EMN,Eastman Chemical Company,Materials,Specialty Chemicals,"Kingsport, Tennessee"
ETN,Eaton Corporation,Industrials,Electrical Components & Equipment,"Dublin, Ireland"
EBAY,eBay,Consumer Discretionary,Broadline Retail,"San Jose, California"
ECL,Ecolab,Materials,Specialty Chemicals,"Saint Paul, Minnesota"
EIX,Edison International,Utilities,Electric Utilities,"Rosemead, California"
EW,Edwards Lifesciences,Health Care,Health Care Equipment,"Irvine, California"
EA,Electronic Arts,Communication Services,Interactive Home Entertainment,"Redwood City, California"
ELV,Elevance Health,Health Care,Managed Health Care,"Indianapolis, Indiana"
LLY,Eli Lilly and Company,Health Care,Pharmaceuticals,"Indianapolis, Indiana"
EMR,Emerson Electric,Industrials,Electrical Components & Equipment,"Ferguson, Missouri"
ENPH,Enphase,Information Technology,Semiconductor Materials & Equipment,"Fremont, California"
ETR,Entergy,Utilities,Electric Utilities,"New Orleans, Louisiana"
EOG,EOG Resources,Energy,Oil & Gas Exploration & Production,"Houston, Texas"
EPAM,EPAM Systems,Information Technology,IT Consulting & Other Services,"Newtown, Pennsylvania"
EQT,EQT,Energy,Oil & Gas Exploration & Production,"Pittsburgh, Pennsylvania"
EFX,Equifax,Industrials,Research & Consulting Services,"Atlanta, Georgia"
EQIX,Equinix,Real Estate,Data Center REITs,"Redwood City, California"
EQR,Equity Residential,Real Estate,Multi-Family Residential REITs,"Chicago, Illinois"
ESS,Essex Property Trust,Real Estate,Multi-Family Residential REITs,"San Mateo, California"
EL,Estée Lauder Companies (The),Consumer Staples,Personal Care Products,"New York City, New York"
ETSY,Etsy,Consumer Discretionary,Broadline Retail,"New York City, New York"
EG,Everest Re,Financials,Reinsurance,"Hamilton, Bermuda"
EVRG,Evergy,Utilities,Electric Utilities,"Kansas City, Missouri"
ES,Eversource,Utilities,Electric Utilities,"Hartford, Connecticut"
EXC,Exelon,Utilities,Electric Utilities,"Chicago, Illinois"
EXPE,Expedia Group,Consumer Discretionary,"Hotels, Resorts & Cruise Lines","Seattle, Washington"
EXPD,Expeditors International,Industrials,Air Freight & Logistics,"Seattle, Washington"
EXR,Extra Space Storage,Real Estate,Self-Storage REITs,"Salt Lake City, Utah"
XOM,ExxonMobil,Energy,Integrated Oil & Gas,"Irving, Texas"
FFIV,"F5, Inc.",Information Technology,Communications Equipment,"Seattle, Washington"
FDS,FactSet,Financials,Financial Exchanges & Data,"Norwalk, Connecticut"
FICO,Fair Isaac,Information Technology,Application Software,"Bozeman, Montana"
FAST,Fastenal,Industrials,Trading Companies & Distributors,"Winona, Minnesota"
FRT,Federal Realty,Real Estate,Retail REITs,"Rockville, Maryland"
FDX,FedEx,Industrials,Air Freight & Logistics,"Memphis, Tennessee"
FIS,Fidelity National Information Services,Financials,Transaction & Payment Processing Services,"Jacksonville, Florida"
FITB,Fifth Third Bank,Financials,Diversified Banks,"Cincinnati, Ohio"
FSLR,First Solar,Information Technology,Semiconductors,"Tempe, Arizona"
FE,FirstEnergy,Utilities,Electric Utilities,"Akron, Ohio"
FI,Fiserv,Financials,Transaction & Payment Processing Services,"Brookfield, Wisconsin"
FLT,Fleetcor,Financials,Transaction & Payment Processing Services,"Atlanta, Georgia"
FMC,FMC Corporation,Materials,Fertilizers & Agricultural Chemicals,"Philadelphia, Pennsylvania"
F,Ford Motor Company,Consumer Discretionary,Automobile Manufacturers,"Dearborn, Michigan"
FTNT,Fortinet,Information Technology,Systems Software,"Sunnyvale, California"
FTV,Fortive,Industrials,Industrial Machinery & Supplies & Components,"Everett, Washington"
FOXA,Fox Corporation (Class A),Communication Services,Broadcasting,"New York City, New York"
FOX,Fox Corporation (Class B),Communication Services,Broadcasting,"New York City, New York"
BEN,Franklin Templeton,Financials,Asset Management & Custody Banks,"San Mateo, California"
FCX,Freeport-McMoRan,Materials,Copper,"Phoenix, Arizona"
GRMN,Garmin,Consumer Discretionary,Consumer Electronics,"Schaffhausen, Switzerland"
IT,Gartner,Information Technology,IT Consulting & Other Services,"Stamford, Connecticut"
GEHC,GE HealthCare,Health Care,Health Care Equipment,"Chicago, Illinois"
GEN,Gen Digital,Information Technology,Systems Software,"Tempe, Arizona"
GNRC,Generac,Industrials,Electrical Components & Equipment,"Waukesha, Wisconsin"
GD,General Dynamics,Industrials,Aerospace & Defense,"Falls Church, Virginia"
GE,General Electric,Industrials,Industrial Conglomerates,"Boston, Massachusetts"
GIS,General Mills,Consumer Staples,Packaged Foods & Meats,"Golden Valley, Minnesota"
GM,General Motors,Consumer Discretionary,Automobile Manufacturers,"Detroit, Michigan"
GPC,Genuine Parts Company,Consumer Discretionary,Distributors,"Atlanta, Georgia"
GILD,Gilead Sciences,Health Care,Biotechnology,"Foster City, California"
GPN,Global Payments,Financials,Transaction & Payment Processing Services,"Atlanta, Georgia"
GL,Globe Life,Financials,Life & Health Insurance,"McKinney, Texas"
GS,Goldman Sachs,Financials,Investment Banking & Brokerage,"New York City, New York"
HAL,Halliburton,Energy,Oil & Gas Equipment & Services,"Houston, Texas"
HIG,Hartford (The),Financials,Property & Casualty Insurance,"Hartford, Connecticut"
HAS,Hasbro,Consumer Discretionary,Leisure Products,"Pawtucket, Rhode Island"
HCA,HCA Healthcare,Health Care,Health Care Facilities,"Nashville, Tennessee"
PEAK,Healthpeak,Real Estate,Health Care REITs,"Long Beach, California"
HSIC,Henry Schein,Health Care,Health Care Distributors,"Melville, New York"
HSY,"Hershey's",Consumer Staples,Packaged Foods & Meats,"Hershey, Pennsylvania"
HES,Hess Corporation,Energy,Integrated Oil & Gas,"New York City, New York"
HPE,Hewlett Packard Enterprise,Information Technology,"Technology Hardware, Storage & Peripherals","Houston, Texas"
HLT,Hilton Worldwide,Consumer Discretionary,"Hotels, Resorts & Cruise Lines","Tysons Corner, Virginia"
HOLX,Hologic,Health Care,Health Care Equipment,"Marlborough, Massachusetts"
HD,Home Depot (The),Consumer Discretionary,Home Improvement Retail,"Atlanta, Georgia"
HON,Honeywell,Industrials,Industrial Conglomerates,"Charlotte, North Carolina"
HRL,Hormel Foods,Consumer Staples,Packaged Foods & Meats,"Austin, Minnesota"
HST,Host Hotels & Resorts,Real Estate,Hotel & Resort REITs,"Bethesda, Maryland"
HWM,Howmet Aerospace,Industrials,Aerospace & Defense,"Pittsburgh, Pennsylvania"
HPQ,HP Inc.,Information Technology,"Technology Hardware, Storage & Peripherals","Palo Alto, California"
HUBB,Hubbell Incorporated,Industrials,Industrial Machinery & Supplies & Components,"Shelton, Connecticut"
HUM,Humana,Health Care,Managed Health Care,"Louisville, Kentucky"
HBAN,Huntington Bancshares,Financials,Regional Banks,"Columbus, Ohio; Detroit, Michigan"
HII,Huntington Ingalls Industries,Industrials,Aerospace & Defense,"Newport News, Virginia"
IBM,IBM,Information Technology,IT Consulting & Other Services,"Armonk, New York"
IEX,IDEX Corporation,Industrials,Industrial Machinery & Supplies & Components,"Lake Forest, Illinois"
IDXX,Idexx Laboratories,Health Care,Health Care Equipment,"Westbrook, Maine"
ITW,Illinois Tool Works,Industrials,Industrial Machinery & Supplies & Components,"Glenview, Illinois"
ILMN,Illumina,Health Care,Life Sciences Tools & Services,"San Diego, California"
INCY,Incyte,Health Care,Biotechnology,"Wilmington, Delaware"
IR,Ingersoll Rand,Industrials,Industrial Machinery & Supplies & Components,"Davidson, North Carolina"
PODD,Insulet,Health Care,Health Care Equipment,"Acton, Massachusetts"
INTC,Intel,Information Technology,Semiconductors,"Santa Clara, California"
ICE,Intercontinental Exchange,Financials,Financial Exchanges & Data,"Atlanta, Georgia"
IFF,International Flavors & Fragrances,Materials,Specialty Chemicals,"New York City, New York"
IP,International Paper,Materials,Paper & Plastic Packaging Products & Materials,"Memphis, Tennessee"
IPG,Interpublic Group of Companies (The),Communication Services,Advertising,"New York City, New York"
INTU,Intuit,Information Technology,Application Software,"Mountain View, California"
ISRG,Intuitive Surgical,Health Care,Health Care Equipment,"Sunnyvale, California"
IVZ,Invesco,Financials,Asset Management & Custody Banks,"Atlanta, Georgia"
INVH,Invitation Homes,Real Estate,Single-Family Residential REITs,"Dallas, Texas"
IQV,IQVIA,Health Care,Life Sciences Tools & Services,"Durham, North Carolina"
IRM,Iron Mountain,Real Estate,Other Specialized REITs,"Boston, Massachusetts"
JBHT,J.B. Hunt,Industrials,Cargo Ground Transportation,"Lowell, Arkansas"
JBL,Jabil,Information Technology,Electronic Manufacturing Services,"St. Petersburg, Florida"
JKHY,Jack Henry & Associates,Financials,Transaction & Payment Processing Services,"Monett, Missouri"
J,Jacobs Solutions,Industrials,Construction & Engineering,"Dallas, Texas"
JNJ,Johnson & Johnson,Health Care,Pharmaceuticals,"New Brunswick, New Jersey"
JCI,Johnson Controls,Industrials,Building Products,"Cork, Ireland"
JPM,JPMorgan Chase,Financials,Diversified Banks,"New York City, New York"
JNPR,Juniper Networks,Information Technology,Communications Equipment,"Sunnyvale, California"
K,Kellanova,Consumer Staples,Packaged Foods & Meats,"Chicago, Illinois"
KVUE,Kenvue,Consumer Staples,Personal Care Products,"Skillman, New Jersey"
KDP,Keurig Dr Pepper,Consumer Staples,Soft Drinks & Non-alcoholic Beverages,"Burlington, Massachusetts"
KEY,KeyCorp,Financials,Regional Banks,"Cleveland, Ohio"
KEYS,Keysight,Information Technology,Electronic Equipment & Instruments,"Santa Rosa, California"
KMB,Kimberly-Clark,Consumer Staples,Household Products,"Irving, Texas"
KIM,Kimco Realty,Real Estate,Retail REITs,"New Hyde Park, New York"
KMI,Kinder Morgan,Energy,Oil & Gas Storage & Transportation,"Houston, Texas"
KLAC,KLA Corporation,Information Technology,Semiconductor Materials & Equipment,"Milpitas, California"
KHC,Kraft Heinz,Consumer Staples,Packaged Foods & Meats,"Chicago, Illinois; Pittsburgh, Pennsylvania"
KR,Kroger,Consumer Staples,Food Retail,"Cincinnati, Ohio"
LHX,L3Harris,Industrials,Aerospace & Defense,"Melbourne, Florida"
LH,LabCorp,Health Care,Health Care Services,"Burlington, North Carolina"
LRCX,Lam Research,Information Technology,Semiconductor Materials & Equipment,"Fremont, California"
LW,Lamb Weston,Consumer Staples,Packaged Foods & Meats,"Eagle, Idaho"
LVS,Las Vegas Sands,Consumer Discretionary,Casinos & Gaming,"Las Vegas, Nevada"
LDOS,Leidos,Industrials,Diversified Support Services,"Reston, Virginia"
LEN,Lennar,Consumer Discretionary,Homebuilding,"Miami, Florida"
LIN,Linde plc,Materials,Industrial Gases,"Guildford, United Kingdom"
LYV,Live Nation Entertainment,Communication Services,Movies & Entertainment,"Beverly Hills, California"
LKQ,LKQ Corporation,Consumer Discretionary,Distributors,"Chicago, Illinois"
LMT,Lockheed Martin,Industrials,Aerospace & Defense,"Bethesda, Maryland"
L,Loews Corporation,Financials,Multi-line Insurance,"New York City, New York"
LOW,"Lowe's",Consumer Discretionary,Home Improvement Retail,"Mooresville, North Carolina"
LULU,Lululemon Athletica,Consumer Discretionary,"Apparel, Accessories & Luxury Goods","Vancouver, Canada"
LYB,LyondellBasell,Materials,Specialty Chemicals,"Rotterdam, Netherlands"
MTB,M&T Bank,Financials,Regional Banks,"Buffalo, New York"
MRO,Marathon Oil,Energy,Oil & Gas Exploration & Production,"Houston, Texas"
MPC,Marathon Petroleum,Energy,Oil & Gas Refining & Marketing,"Findlay, Ohio"
MKTX,MarketAxess,Financials,Financial Exchanges & Data,"New York City, New York"
MAR,Marriott International,Consumer Discretionary,"Hotels, Resorts & Cruise Lines","Bethesda, Maryland"
MMC,Marsh McLennan,Financials,Insurance Brokers,"New York City, New York"
MLM,Martin Marietta Materials,Materials,Construction Materials,"Raleigh, North Carolina"
MAS,Masco,Industrials,Building Products,"Livonia, Michigan"
MA,Mastercard,Financials,Transaction & Payment Processing Services,"Harrison, New York"
MTCH,Match Group,Communication Services,Interactive Media & Services,"Dallas, Texas"
MKC,McCormick & Company,Consumer Staples,Packaged Foods & Meats,"Hunt Valley, Maryland"
MCD,"McDonald's",Consumer Discretionary,Restaurants,"Chicago, Illinois"
MCK,McKesson,Health Care,Health Care Distributors,"Irving, Texas"
MDT,Medtronic,Health Care,Health Care Equipment,"Dublin, Ireland"
MRK,Merck & Co.,Health Care,Pharmaceuticals,"Kenilworth, New Jersey"
META,Meta Platforms,Communication Services,Interactive Media & Services,"Menlo Park, California"
MET,MetLife,Financials,Life & Health Insurance,"New York City, New York"
MTD,Mettler Toledo,Health Care,Life Sciences Tools & Services,"Columbus, Ohio"
MGM,MGM Resorts,Consumer Discretionary,Casinos & Gaming,"Paradise, Nevada"
MCHP,Microchip Technology,Information Technology,Semiconductors,"Chandler, Arizona"
MU,Micron Technology,Information Technology,Semiconductors,"Boise, Idaho"
MSFT,Microsoft,Information Technology,Systems Software,"Redmond, Washington"
MAA,Mid-America Apartment Communities,Real Estate,Multi-Family Residential REITs,"Memphis, Tennessee"
MRNA,Moderna,Health Care,Biotechnology,"Cambridge, Massachusetts"
MHK,Mohawk Industries,Consumer Discretionary,Home Furnishings,"Calhoun, Georgia"
MOH,Molina Healthcare,Health Care,Managed Health Care,"Long Beach, California"
TAP,Molson Coors Beverage Company,Consumer Staples,Brewers,"Chicago, Illinois"
MDLZ,Mondelez International,Consumer Staples,Packaged Foods & Meats,"Chicago, Illinois"
MPWR,Monolithic Power Systems,Information Technology,Semiconductors,"Kirkland, Washington"
MNST,Monster Beverage,Consumer Staples,Soft Drinks & Non-alcoholic Beverages,"Corona, California"
MCO,"Moody's Corporation",Financials,Financial Exchanges & Data,"New York City, New York"
MS,Morgan Stanley,Financials,Investment Banking & Brokerage,"New York City, New York"
MOS,Mosaic Company (The),Materials,Fertilizers & Agricultural Chemicals,"Tampa, Florida"
MSI,Motorola Solutions,Information Technology,Communications Equipment,"Chicago, Illinois"
MSCI,MSCI,Financials,Financial Exchanges & Data,"New York City, New York"
NDAQ,"Nasdaq, Inc.",Financials,Financial Exchanges & Data,"New York City, New York"
NTAP,NetApp,Information Technology,"Technology Hardware, Storage & Peripherals","San Jose, California"
NFLX,Netflix,Communication Services,Movies & Entertainment,"Los Gatos, California"
NEM,Newmont,Materials,Gold,"Denver, Colorado"
NWSA,News Corp (Class A),Communication Services,Publishing,"New York City, New York"
NWS,News Corp (Class B),Communication Services,Publishing,"New York City, New York"
NEE,NextEra Energy,Utilities,Multi-Utilities,"Juno Beach, Florida"
NKE,"Nike, Inc.",Consumer Discretionary,"Apparel, Accessories & Luxury Goods","Washington County, Oregon"
NI,NiSource,Utilities,Multi-Utilities,"Merrillville, Indiana"
NDSN,Nordson Corporation,Industrials,Industrial Machinery & Supplies & Components,"Westlake, Ohio"
NSC,Norfolk Southern Railway,Industrials,Rail Transportation,"Atlanta, Georgia"
NTRS,Northern Trust,Financials,Asset Management & Custody Banks,"Chicago, Illinois"
NOC,Northrop Grumman,Industrials,Aerospace & Defense,"West Falls Church, Virginia"
NCLH,Norwegian Cruise Line Holdings,Consumer Discretionary,"Hotels, Resorts & Cruise Lines","Miami, Florida"
NRG,NRG Energy,Utilities,Independent Power Producers & Energy Traders,"Houston, Texas"
NUE,Nucor,Materials,Steel,"Charlotte, North Carolina"
NVDA,Nvidia,Information Technology,Semiconductors,"Santa Clara, California"
NVR,"NVR, Inc.",Consumer Discretionary,Homebuilding,"Reston, Virginia"
NXPI,NXP Semiconductors,Information Technology,Semiconductors,"Eindhoven, Netherlands"
ORLY,"O'Reilly Auto Parts",Consumer Discretionary,Automotive Retail,"Springfield, Missouri"
OXY,Occidental Petroleum,Energy,Oil & Gas Exploration & Production,"Houston, Texas"
ODFL,Old Dominion,Industrials,Cargo Ground Transportation,"Thomasville, North Carolina"
OMC,Omnicom Group,Communication Services,Advertising,"New York City, New York"
ON,ON Semiconductor,Information Technology,Semiconductors,"Phoenix, Arizona"
OKE,ONEOK,Energy,Oil & Gas Storage & Transportation,"Tulsa, Oklahoma"
ORCL,Oracle Corporation,Information Technology,Application Software,"Austin, Texas"
OTIS,Otis Worldwide,Industrials,Industrial Machinery & Supplies & Components,"Farmington, Connecticut"
PCAR,Paccar,Industrials,Construction Machinery & Heavy Transportation Equipment,"Bellevue, Washington"
PKG,Packaging Corporation of America,Materials,Paper & Plastic Packaging Products & Materials,"Lake Forest, Illinois"
PANW,Palo Alto Networks,Information Technology,Systems Software,"Santa Clara, California"
PARA,Paramount Global,Communication Services,Movies & Entertainment,"New York City, New York"
PH,Parker Hannifin,Industrials,Industrial Machinery & Supplies & Components,"Cleveland, Ohio"
PAYX,Paychex,Industrials,Human Resource & Employment Services,"Penfield, New York"
PAYC,Paycom,Industrials,Human Resource & Employment Services,"Oklahoma City, Oklahoma"
PYPL,PayPal,Financials,Transaction & Payment Processing Services,"San Jose, California"
PNR,Pentair,Industrials,Industrial Machinery & Supplies & Components,"Worsley, United Kingdom"
PEP,PepsiCo,Consumer Staples,Soft Drinks & Non-alcoholic Beverages,"Purchase, New York"
PFE,Pfizer,Health Care,Pharmaceuticals,"New York City, New York"
PCG,PG&E Corporation,Utilities,Multi-Utilities,"San Francisco, California"
PM,Philip Morris International,Consumer Staples,Tobacco,"New York City, New York"
PSX,Phillips 66,Energy,Oil & Gas Refining & Marketing,"Houston, Texas"
PNW,Pinnacle West,Utilities,Multi-Utilities,"Phoenix, Arizona"
PXD,Pioneer Natural Resources,Energy,Oil & Gas Exploration & Production,"Irving, Texas"
PNC,PNC Financial Services,Financials,Regional Banks,"Pittsburgh, Pennsylvania"
POOL,Pool Corporation,Consumer Discretionary,Distributors,"Covington, Louisiana"
PPG,PPG Industries,Materials,Specialty Chemicals,"Pittsburgh, Pennsylvania"
PPL,PPL Corporation,Utilities,Electric Utilities,"Allentown, Pennsylvania"
PFG,Principal Financial Group,Financials,Life & Health Insurance,"Des Moines, Iowa"
PG,Procter & Gamble,Consumer Staples,Personal Care Products,"Cincinnati, Ohio"
PGR,Progressive Corporation,Financials,Property & Casualty Insurance,"Mayfield Village, Ohio"
PLD,Prologis,Real Estate,Industrial REITs,"San Francisco, California"
PRU,Prudential Financial,Financials,Life & Health Insurance,"Newark, New Jersey"
PEG,Public Service Enterprise Group,Utilities,Electric Utilities,"Newark, New Jersey"
PTC,PTC,Information Technology,Application Software,"Boston, Massachusetts"
PSA,Public Storage,Real Estate,Self-Storage REITs,"Glendale, California"
PHM,PulteGroup,Consumer Discretionary,Homebuilding,"Atlanta, Georgia"
QRVO,Qorvo,Information Technology,Semiconductors,"Greensboro, North Carolina"
PWR,Quanta Services,Industrials,Construction & Engineering,"Houston, Texas"
QCOM,Qualcomm,Information Technology,Semiconductors,"San Diego, California"
DGX,Quest Diagnostics,Health Care,Health Care Services,"Secaucus, New Jersey"
RL,Ralph Lauren Corporation,Consumer Discretionary,"Apparel, Accessories & Luxury Goods","New York City, New York"
RJF,Raymond James,Financials,Investment Banking & Brokerage,"St. Petersburg, Florida"
RTX,RTX Corporation,Industrials,Aerospace & Defense,"Waltham, Massachusetts"
O,Realty Income,Real Estate,Retail REITs,"San Diego, California"
REG,Regency Centers,Real Estate,Retail REITs,"Jacksonville, Florida"
REGN,Regeneron,Health Care,Biotechnology,"Tarrytown, New York"
RF,Regions Financial Corporation,Financials,Regional Banks,"Birmingham, Alabama"
RSG,Republic Services,Industrials,Environmental & Facilities Services,"Phoenix, Arizona"
RMD,ResMed,Health Care,Health Care Equipment,"San Diego, California"
RVTY,Revvity (Previously PerkinElmer),Health Care,Health Care Equipment,"Waltham, Massachusetts"
RHI,Robert Half,Industrials,Human Resource & Employment Services,"Menlo Park, California"
ROK,Rockwell Automation,Industrials,Electrical Components & Equipment,"Milwaukee, Wisconsin"
ROL,"Rollins, Inc.",Industrials,Environmental & Facilities Services,"Atlanta, Georgia"
ROP,Roper Technologies,Information Technology,Electronic Equipment & Instruments,"Sarasota, Florida"
ROST,Ross Stores,Consumer Discretionary,Apparel Retail,"Dublin, California"
RCL,Royal Caribbean Group,Consumer Discretionary,"Hotels, Resorts & Cruise Lines","Miami, Florida"
SPGI,S&P Global,Financials,Financial Exchanges & Data,"New York City, New York"
CRM,Salesforce,Information Technology,Application Software,"San Francisco, California"
SBAC,SBA Communications,Real Estate,Telecom Tower REITs,"Boca Raton, Florida"
SLB,Schlumberger,Energy,Oil & Gas Equipment & Services,"Houston, Texas"
STX,Seagate Technology,Information Technology,"Technology Hardware, Storage & Peripherals","Dublin, Ireland"
SRE,Sempra Energy,Utilities,Multi-Utilities,"San Diego, California"
NOW,ServiceNow,Information Technology,Systems Software,"Santa Clara, California"
SHW,Sherwin-Williams,Materials,Specialty Chemicals,"Cleveland, Ohio"
SPG,Simon Property Group,Real Estate,Retail REITs,"Indianapolis, Indiana"
SWKS,Skyworks Solutions,Information Technology,Semiconductors,"Irvine, California"
SJM,J.M. Smucker Company (The),Consumer Staples,Packaged Foods & Meats,"Orrville, Ohio"
SNA,Snap-on,Industrials,Industrial Machinery & Supplies & Components,"Kenosha, Wisconsin"
SO,Southern Company,Utilities,Electric Utilities,"Atlanta, Georgia"
LUV,Southwest Airlines,Industrials,Passenger Airlines,"Dallas, Texas"
SWK,Stanley Black & Decker,Industrials,Industrial Machinery & Supplies & Components,"New Britain, Connecticut"
SBUX,Starbucks,Consumer Discretionary,Restaurants,"Seattle, Washington"
STT,State Street Corporation,Financials,Asset Management & Custody Banks,"Boston, Massachusetts"
STLD,Steel Dynamics,Materials,Steel,"Fort Wayne, Indiana"
STE,Steris,Health Care,Health Care Equipment,"Dublin, Ireland"
SYK,Stryker Corporation,Health Care,Health Care Equipment,"Kalamazoo, Michigan"
SYF,Synchrony Financial,Financials,Consumer Finance,"Stamford, Connecticut"
SNPS,Synopsys,Information Technology,Application Software,"Sunnyvale, California"
SYY,Sysco,Consumer Staples,Food Distributors,"Houston, Texas"
TMUS,T-Mobile US,Communication Services,Wireless Telecommunication Services,"Bellevue, Washington"
TROW,T. Rowe Price,Financials,Asset Management & Custody Banks,"Baltimore, Maryland"
TTWO,Take-Two Interactive,Communication Services,Interactive Home Entertainment,"New York City, New York"
TPR,"Tapestry, Inc.",Consumer Discretionary,"Apparel, Accessories & Luxury Goods","New York City, New York"
TRGP,Targa Resources,Energy,Oil & Gas Storage & Transportation,"Houston, Texas"
TGT,Target Corporation,Consumer Staples,Consumer Staples Merchandise Retail,"Minneapolis, Minnesota"
TEL,TE Connectivity,Information Technology,Electronic Manufacturing Services,"Schaffhausen, Switzerland"
TDY,Teledyne Technologies,Information Technology,Electronic Equipment & Instruments,"Thousand Oaks, California"
TFX,Teleflex,Health Care,Health Care Equipment,"Wayne, Pennsylvania"
TER,Teradyne,Information Technology,Semiconductor Materials & Equipment,"North Reading, Massachusetts"
TSLA,"Tesla, Inc.",Consumer Discretionary,Automobile Manufacturers,"Austin, Texas"
TXN,Texas Instruments,Information Technology,Semiconductors,"Dallas, Texas"
TXT,Textron,Industrials,Aerospace & Defense,"Providence, Rhode Island"
TMO,Thermo Fisher Scientific,Health Care,Life Sciences Tools & Services,"Waltham, Massachusetts"
TJX,TJX Companies,Consumer Discretionary,Apparel Retail,"Framingham, Massachusetts"
TSCO,Tractor Supply,Consumer Discretionary,Specialty Stores,"Brentwood, Tennessee"
TT,Trane Technologies,Industrials,Building Products,"Dublin, Ireland"
TDG,TransDigm Group,Industrials,Aerospace & Defense,"Cleveland, Ohio"
TRV,Travelers Companies (The),Financials,Property & Casualty Insurance,"New York City, New York"
TRMB,Trimble Inc.,Information Technology,Electronic Equipment & Instruments,"Westminster, Colorado"
TFC,Truist,Financials,Regional Banks,"Charlotte, North Carolina"
TYL,Tyler Technologies,Information Technology,Application Software,"Plano, Texas"
TSN,Tyson Foods,Consumer Staples,Packaged Foods & Meats,"Springdale, Arkansas"
USB,U.S. Bank,Financials,Diversified Banks,"Minneapolis, Minnesota"
UBER,Uber,Industrials,Passenger Ground Transportation,"San Francisco, California"
UDR,"UDR, Inc.",Real Estate,Multi-Family Residential REITs,"Highlands Ranch, Colorado"
ULTA,Ulta Beauty,Consumer Discretionary,Specialty Stores,"Bolingbrook, Illinois"
UNP,Union Pacific Corporation,Industrials,Rail Transportation,"Omaha, Nebraska"
UAL,United Airlines Holdings,Industrials,Passenger Airlines,"Chicago, Illinois"
UPS,United Parcel Service,Industrials,Air Freight & Logistics,"Sandy Springs, Georgia"
URI,United Rentals,Industrials,Trading Companies & Distributors,"Stamford, Connecticut"
UNH,UnitedHealth Group,Health Care,Managed Health Care,"Minnetonka, Minnesota"
UHS,Universal Health Services,Health Care,Health Care Facilities,"King of Prussia, Pennsylvania"
VLO,Valero Energy,Energy,Oil & Gas Refining & Marketing,"San Antonio, Texas"
VTR,Ventas,Real Estate,Health Care REITs,"Chicago, Illinois"
VLTO,Veralto,Industrials,Environmental & Facilities Services,"Waltham, Massachusetts"
VRSN,Verisign,Information Technology,Internet Services & Infrastructure,"Dulles, Virginia"
VRSK,Verisk,Industrials,Research & Consulting Services,"Jersey City, New Jersey"
VZ,Verizon,Communication Services,Integrated Telecommunication Services,"New York City, New York"
VRTX,Vertex Pharmaceuticals,Health Care,Biotechnology,"Cambridge, Massachusetts"
VFC,VF Corporation,Consumer Discretionary,"Apparel, Accessories & Luxury Goods","Denver, Colorado"
VTRS,Viatris,Health Care,Pharmaceuticals,"Pittsburgh, Pennsylvania"
VICI,Vici Properties,Real Estate,Hotel & Resort REITs,"New York City, New York"
V,Visa Inc.,Financials,Transaction & Payment Processing Services,"San Francisco, California"
VMC,Vulcan Materials Company,Materials,Construction Materials,"Birmingham, Alabama"
WRB,Berkley,Financials,Property & Casualty Insurance,"Greenwich, Connecticut"
WAB,Wabtec,Industrials,Construction Machinery & Heavy Transportation Equipment,"Pittsburgh, Pennsylvania"
WBA,Walgreens Boots Alliance,Consumer Staples,Drug Retail,"Deerfield, Illinois"
WMT,Walmart,Consumer Staples,Consumer Staples Merchandise Retail,"Bentonville, Arkansas"
DIS,Walt Disney,Communication Services,Movies & Entertainment,"Burbank, California"
WBD,Warner Bros. Discovery,Communication Services,Broadcasting,"New York City, New York"
WM,Waste Management,Industrials,Environmental & Facilities Services,"Houston, Texas"
WAT,Waters Corporation,Health Care,Life Sciences Tools & Services,"Milford, Massachusetts"
WEC,WEC Energy Group,Utilities,Electric Utilities,"Milwaukee, Wisconsin"
WFC,Wells Fargo,Financials,Diversified Banks,"San Francisco, California"
WELL,Welltower,Real Estate,Health Care REITs,"Toledo, Ohio"
WST,West Pharmaceutical Services,Health Care,Health Care Supplies,"Exton, Pennsylvania"
WDC,Western Digital,Information Technology,"Technology Hardware, Storage & Peripherals","San Jose, California"
WRK,WestRock,Materials,Paper & Plastic Packaging Products & Materials,"Atlanta, Georgia"
WY,Weyerhaeuser,Real Estate,Timber REITs,"Seattle, Washington"
WHR,Whirlpool Corporation,Consumer Discretionary,Household Appliances,"Benton Harbor, Michigan"
WMB,Williams Companies,Energy,Oil & Gas Storage & Transportation,"Tulsa, Oklahoma"
WTW,Willis Towers Watson,Financials,Insurance Brokers,"London, United Kingdom"
GWW,W. W. Grainger,Industrials,Industrial Machinery & Supplies & Components,"Lake Forest, Illinois"
WYNN,Wynn Resorts,Consumer Discretionary,Casinos & Gaming,"Paradise, Nevada"
XEL,Xcel Energy,Utilities,Multi-Utilities,"Minneapolis, Minnesota"
XYL,Xylem Inc.,Industrials,Industrial Machinery & Supplies & Components,"White Plains, New York"
YUM,Yum! Brands,Consumer Discretionary,Restaurants,"Louisville, Kentucky"
ZBRA,Zebra Technologies,Information Technology,Electronic Equipment & Instruments,"Lincolnshire, Illinois"
ZBH,Zimmer Biomet,Health Care,Health Care Equipment,"Warsaw, Indiana"
ZION,Zions Bancorporation,Financials,Regional Banks,"Salt Lake City, Utah"
ZTS,Zoetis,Health Care,Pharmaceuticals,"Parsippany, New Jersey"
AAON,"AAON, Inc.",Industrials,Building Products,"Tulsa, Oklahoma"
AAP,"Advance Auto Parts, Inc.",Consumer Discretionary,Automotive Retail,"Raleigh, North Carolina"
AAT,American Assets Trust,Real Estate,Diversified REITs,"San Diego, California"
ABCB,Ameris Bancorp,Financials,Regional Banks,"Atlanta, Georgia"
ABG,Asbury Automotive Group,Consumer Discretionary,Automotive Retail,"Duluth, Georgia"
ABM,"ABM Industries, Inc.",Industrials,Environmental & Facilities Services,"New York City, New York"
ABR,Arbor Realty Trust,Financials,Mortgage REITs,"Uniondale, New York"
ACA,"Arcosa, Inc.",Industrials,Industrial Machinery,"Dallas, Texas"
ACIW,ACI Worldwide,Information Technology,Application Software,"Miami, Florida"
ACLS,"Axcelis Technologies, Inc.",Information Technology,Semiconductor Equipment,"Beverly, Massachusetts"
ADEA,"Adeia, Inc.",Information Technology,IT Consulting & Other Services,"San Jose, California"
ADTN,"Adtran, Inc.",Information Technology,Communications Equipment,"Huntsville, Alabama"
ADUS,Addus HomeCare Corp.,Health Care,Health Care Services,"Frisco, Texas"
AEIS,Advanced Energy,Information Technology,Semiconductor Equipment,"Denver, Colorado"
AEL,American Equity Investment Life Holding Co.,Financials,Life & Health Insurance,"Des Moines, Iowa"
AEO,American Eagle Outfitters,Consumer Discretionary,Apparel Retail,"Pittsburgh, Pennsylvania"
AGO,Assured Guaranty Ltd.,Financials,Property & Casualty Insurance,"Hamilton, Bermuda"
AGTI,"Agiliti, Inc.",Health Care,Health Care Services,"Eden Prairie, Minnesota"
AGYS,"Agilysys, Inc.",Information Technology,Application Software,"Alpharetta, Georgia"
AHCO,AdaptHealth Corp.,Health Care,Health Care Equipment,"Plymouth Meeting, Pennsylvania"
AHH,"Armada Hoffler Properties, Inc.",Real Estate,Diversified REITs,"Virginia Beach, Virginia"
AIN,Albany International Corp.,Industrials,Industrial Machinery,"Rochester, New Hampshire"
AIR,AAR CORP.,Industrials,Aerospace & Defense,"Wood Dale, Illinois"
AIT,Applied Industrial Technologies,Industrials,Trading Companies & Distributors,"Cleveland, Ohio"
AKR,Acadia Realty Trust,Real Estate,Retail REITs,"Rye, New York"
ALEX,Alexander & Baldwin,Real Estate,Diversified REITs,"Honolulu, Hawaii"
ALG,Alamo Group,Industrials,Construction Machinery & Heavy Trucks,"Seguin, Texas"
ALGT,Allegiant Travel Company,Industrials,Airlines,"Summerlin, Nevada"
ALK,Alaska Air Group,Industrials,Passenger Airlines,"SeaTac, Washington"
ALKS,Alkermes plc,Health Care,Pharmaceuticals,"Dublin, Ireland"
ALRM,"Alarm.Com, Inc.",Financials,Application Software,"Tysons, Virginia"
AMBC,Ambac Financial Group,Financials,Property & Casualty Insurance,"New York City, New York"
AMCX,AMC Networks,Consumer Discretionary,Broadcasting,"New York City, New York"
AMEH,"Apollo Medical Holdings, Inc.",Health Care,Health Care Facilities,"Alhambra, California"
AMN,"Amn Healthcare Services, Inc.",Health Care,Health Care Services,"Dallas, Texas"
AMPH,"Amphstar Pharmaceuticals, Inc.",Health Care,Pharmaceuticals,"Rancho Cucamonga, California"
AMR,"Alpha Metallurgical Resources, Inc.",Materials,Steel,"Bristol, Tennessee"
AMSF,"Amerisafe, Inc.",Financials,Property & Casualty Insurance,"DeRidder, Louisiana"
AMWD,American Woodmark Corp.,Industrials,Building Products,"Winchester, Virginia"
ANDE,"The Andersons, Inc.",Consumer Staples,Food Distributors,"Maumee, Ohio"
ANF,Abercrombie & Fitch Company,Consumer Discretionary,Apparel Retail,"New Albany, Ohio"
ANIP,"ANI Pharmaceuticals, Inc.",Health Care,Pharmaceuticals,"Baudette, Minnesota"
AORT,Artivion,Health Care,Health Care Equipment,"Kennesaw, Georgia"
AOSL,"Alpha and Omega Semiconductor, Ltd.",Information Technology,Semiconductors,"Sunnyvale, California"
APAM,"Artisan Partners Asset Management, Inc.",Financials,Asset Management & Custody Banks,"Milwaukee, Wisconsin"
APLE,"Apple Hospitality REIT, Inc.",Real Estate,Hotel & Resort REITs,"Richmond, Virginia"
APOG,"Apogee Enterprises, Inc.",Industrials,Building Products,"Minneapolis, Minnesota"
APPS,Digital Turbine,Information Technology,Application Software,"Austin, Texas"
ARCB,ArcBest Corp.,Industrials,Cargo Ground Transportation,"Fort Smith, Arkansas"
ARI,Apollo Commercial Real Estate Finance,Real Estate,Mortgage REITs,"New York City, New York"
ARLO,Arlo Technologies,Information Technology,Communications Equipment,"San Jose, California"
AROC,"Archrock, Inc.",Energy,Oil & Gas Equipment & Services,"Houston, Texas"
ARR,Armour Residential REIT,Real Estate,Mortgage REITs,"Vero Beach, Florida"
ASIX,"Advansix, Inc.",Materials,Commodity Chemicals,"Parsippany–Troy Hills, New Jersey"
ASO,Academy Sports + Outdoors,Consumer Discretionary,Specialty Stores,"Harris County, Texas"
ASTE,"Astec Industries, Inc.",Industrials,Construction Machinery & Heavy Trucks,"Chattanooga, Tennessee"
ATEN,"A10 Networks, Inc.",Information Technology,Systems Software,"San Jose, California"
ATGE,Adtalem Global Education,Consumer Discretionary,Education Services,"Chicago, Illinois"
ATI,ATI Inc.,Materials,Steel,"Dallas, Texas"
ATNI,"ATN International, Inc.",Communication Services,Integrated Telecommunication Services,"Beverly, Massachusetts"
AUB,"Atlantic Union Bankshares, Corp.",Financials,Regional Banks,"Richmond, Virginia"
AVA,Avista Corporation,Utilities,Multi-Utilities,"Spokane, Washington"
AVAV,"AeroVironment, Inc.",Industrials,Aerospace & Defense,"Arlington County, Virginia"
AVNS,"Avanos Medical, Inc.",Health Care,Health Care Supplies,"Alpharetta, Georgia"
AWI,"Armstrong World Industries, Inc.",Industrials,Building Products,"Lancaster, Pennsylvania"
AWR,American States Water Company,Utilities,Water Utilities,"San Dimas, California"
AX,"Axos Financial, Inc.",Financials,Regional Banks,"Las Vegas, Nevada"
AXL,"American Axle & Manufacturing, Inc.",Consumer Discretionary,Auto Parts & Equipment,"Detroit, Michigan"
AZZ,"AZZ, Inc.",Industrials,Heavy Electrical Equipment,"Fort Worth, Texas"
B,"Barnes Group, Inc.",Industrials,Industrial Machinery,"Bristol, Connecticut"
BANC,"Banc Of California, Inc.",Financials,Regional Banks,"Santa Ana, California"
BANF,Bancfirst Corp,Financials,Diversified Banks,"Oklahoma City, Oklahoma"
BANR,Banner Corporation,Financials,Regional Banks,"Walla Walla, Washington"
BCC,Boise Cascade,Industrials,Building Products,"Boise, Idaho"
BCPC,Balchem Corporation,Materials,Specialty Chemicals,"Montvale, New Jersey"
BDN,Brandywine Realty Trust,Real Estate,Office REITs,"Philadelphia, Pennsylvania"
BFH,"Bread Financial Holdings, Inc.",Financials,Consumer Finance,"Columbus, Ohio"
BFS,"Saul Centers, Inc.",Real Estate,Retail REITs,"Bethesda, Maryland"
BGS,B&G Foods,Consumer Staples,Packaged Foods & Meats,"Parsippany, New Jersey"
BHE,"Benchmark Electronics, Inc.",Information Technology,Electronic Manufacturing Services,"Tempe, Arizona"
BHLB,"Berkshire Hills Bancorp, Inc.",Financials,Regional Banks,"Boston, Massachusetts"
BJRI,"BJ's Restaurants, Inc.",Consumer Discretionary,Restaurants,"Huntington Beach, California"
BKE,"The Buckle, Inc.",Consumer Discretionary,Apparel Retail,"Kearney, Nebraska"
BKU,"BankUnited, Inc.",Financials,Regional Banks,"Miami Lakes, Florida"
BLFS,"BioLife Solutions, Inc.",Health Care,Health Care Supplies,"Bothell, Washington"
BLMN,"Bloomin' Brands, Inc.",Consumer Discretionary,Restaurants,"Tampa, Florida"
BMI,"Badger Meter, Inc.",Information Technology,Electronic Equipment & Instruments,"Milwaukee, Wisconsin"
BOH,Bank of Hawaii,Financials,Regional Banks,"Honolulu, Hawaii"
BOOT,"Boot Barn Holdings, Inc.",Consumer Discretionary,Apparel Retail,"Irvine, California"
BRC,Brady Corporation,Industrials,Commercial Printing,"Milwaukee, Wisconsin"
BRKL,"Brookline Bancorp, Inc.",Financials,Regional Banks,"Boston, Massachusetts"
BSIG,"BrightSphere Investment Group, Inc.",Financials,Asset Management & Custody Banks,"Boston, Massachusetts"
BXMT,"Blackstone Mortgage Trust, Inc.",Financials,Mortgage REITs,"New York City, New York"
CAKE,"The Cheesecake Factory, Inc.",Consumer Discretionary,Restaurants,"Calabasas, California"
CAL,"Caleres, Inc.",Consumer Discretionary,Apparel Retail,"Clayton, Missouri"
CALM,"Cal-Maine Foods, Inc.",Consumer Staples,Packaged Foods & Meats,"Jackson, Mississippi"
CARG,CarGurus,Communication Services,Interactive Media & Services,"Cambridge, Massachusetts"
CARS,Cars.com,Communication Services,Interactive Media & Services,"Chicago, Illinois"
CASH,"Pathward Financial, Inc.",Financials,Regional Banks,"Sioux Falls, South Dakota"
CATY,Cathay General Bancorp,Financials,Regional Banks,"Los Angeles, California"
CBRL,Cracker Barrel,Consumer Discretionary,Restaurants,"Lebanon, Tennessee"
CBU,"Community Bank System, Inc.",Financials,Regional Banks,"DeWitt, New York"
CCOI,"Cogent Communications Holdings, Inc.",Communication Services,Alternative Carriers,"Washington, D.C."
CCRN,"Cross Country Healthcare, Inc.",Health Care,Health Care Services,"Boca Raton, Florida"
CCS,"Century Communities, Inc.",Consumer Discretionary,Homebuilding,"Greenwood Village, Colorado"
CCSI,"Consensus Cloud Solutions, Inc.",Information Technology,Internet Services & Infrastructure,"Los Angeles, California"
CEIX,"CONSOL Energy, Inc.",Energy,Coal & Consumable Fuels,"Cecil Township, Pennsylvania"
CENT,Central Garden & Pet Company,Consumer Staples,Household Products,"Walnut Creek, California"
CENTA,Central Garden & Pet Company (Class A),Consumer Staples,Household Products,"Walnut Creek, California"
CENX,Century Aluminum Company,Materials,Aluminum,"Chicago, Illinois"
CERT,"Certara, Inc.",Health Care,Health Care Technology,"Princeton, New Jersey"
CEVA,"CEVA, Inc.",Information Technology,Semiconductors,"Rockville, Maryland"
CFFN,Capitol Federal Savings Bank,Financials,Regional Banks,"Topeka, Kansas"
CHCO,City Holding Company,Financials,Regional Banks,"Charleston, West Virginia"
CHCT,"Community Healthcare Trust, Inc.",Health Care,Health Care REITs,"Franklin, Tennessee"
CHEF,"Chefs' Warehouse, Inc.",Consumer Staples,Food Distributors,"Ridgefield, Connecticut"
CHUY,"Chuy's Holdings, Inc.",Consumer Discretionary,Restaurants,"Austin, Texas"
CLB,Core Laboratories,Energy,Oil & Gas Equipment & Services,"Amsterdam, the Netherlands"
CLDT,Chatham Lodging Trust,Real Estate,Hotel & Resort REITs,"West Palm Beach, Florida"
CLW,Clearwater Paper Corporation,Materials,Paper Products,"Spokane, Washington"
CMP,"Compass Minerals International, Inc.",Materials,Diversified Metals & Mining,"Overland Park, Kansas"
CNK,"Cinemark Holdings, Inc.",Communication Services,Movies & Entertainment,"Plano, Texas"
CNMD,CONMED Corporation,Health Care,Health Care Equipment,"Largo, Florida"
CNSL,"Consolidated Communications Holdings, Inc.",Communication Services,Integrated Telecommunication Services,"Mattoon, Illinois"
CNXN,"PC Connection, Inc.",Information Technology,Technology Distributors,"Merrimack, New Hampshire"
COHU,"Cohu, Inc.",Information Technology,Semiconductor Equipment,"Poway, California"
COLL,"Collegium Pharmaceutical, Inc.",Health Care,Pharmaceuticals,"Stoughton, Massachusetts"
COOP,"Mr. Cooper Group, Inc.",Financials,Commercial & Residential Mortgage Finance,"Coppell, Texas"
CORT,Corcept Therapeutics Incorporated,Health Care,Pharmaceuticals,"Menlo Park, California"
CPE,Callon Petroleum,Energy,Oil & Gas Exploration & Production,"Houston, Texas"
CPF,Central Pacific Financial Corp.,Financials,Regional Banks,"Honolulu, Hawaii"
CPK,Chesapeake Utilities Corp.,Utilities,Gas Utilities,"Dover, Delaware"
CPRX,"Catalyst Pharmaceuticals Partners, Inc.",Health Care,Biotechnology,"Coral Gables, Florida"
CRC,California Resources Corporation,Energy,Oil & Gas Exploration & Production,"Los Angeles, California"
CRK,"Comstock Resources, Inc.",Energy,Oil & Gas Exploration & Production,"Frisco, Texas"
CRMT,"Americas Carmart, Inc.",Consumer Discretionary,Automotive Retail,"Rogers, Arkansas"
CRNC,"Cerence, Inc.",Information Technology,Application Software,"Burlington, Massachusetts"
CRS,Carpenter Technology,Materials,Steel,"Philadelphia, Pennsylvania"
CRSR,Corsair Gaming,Information Technology,"Technology Hardware, Storage & Peripherals","Milpitas, California"
CRVL,CorVel Corporation,Health Care,Health Care Services,"Irvine, California"
CSGS,"CSG Systems International, Inc.",Industrials,Data Processing & Outsourced Services,"Greenwood Village, Colorado"
CSR,Centerspace Trust,Real Estate,Multi-Family Residential REITs,"Minot, North Dakota"
CTKB,"Cytek Biosciences, Inc.",Health Care,Health Care Equipment,"Fremont, California"
CTRE,"CareTrust REIT, Inc.",Real Estate,Health Care REITs,"San Clemente, California"
CTS,CTS Corporation,Information Technology,Electronic Manufacturing Services,"Lisle, Illinois"
CUBI,"Customers Bancorp, Inc.",Financials,Regional Banks,"Reading, Pennsylvania"
CVBF,CVB Financial Corp.,Financials,Regional Banks,"Ontario, California"
CVCO,"Cavco Industries, Inc.",Consumer Discretionary,Homebuilding,"Phoenix, Arizona"
CVGW,"Calavo Growers, Inc.",Consumer Staples,Packaged Foods & Meats,"Santa Paula, California"
CVI,"CVR Energy, Inc.",Energy,Oil & Gas Refining & Marketing,"Sugar Land, Texas"
CWEN,"Clearway Energy, Inc.",Utilities,Renewable Electricity,"Princeton, New Jersey"
CWEN.A,"Clearway Energy, Inc. (Class A)",Utilities,Renewable Electricity,"Princeton, New Jersey"
CWK,Cushman & Wakefield plc,Real Estate,Real Estate Services,"Chicago, Illinois"
CWT,California Water Service Group,Utilities,Water Utilities,"San Jose, California"
CXW,CoreCivic,Industrials,Diversified Support Services,"Brentwood, Tennessee"
CYTK,"Cytokinetics, Incorporated",Health Care,Biotechnology,"South San Francisco, California"
DAN,Dana Incorporated,Consumer Discretionary,Auto Parts & Equipment,"Maumee, Ohio"
DBI,"Designer Brands, Inc.",Consumer Discretionary,Apparel Retail,"Columbus, Ohio"
DCOM,"Dime Community Bancshares, Inc.",Financials,Regional Banks,"Hauppauge, New York"
DDD,3D Systems Corporation,Industrials,Industrial Machinery,"Rock Hill, South Carolina"
DEA,"Easterly Government Properties, Inc.",Real Estate,Office REITs,"Washington, D.C."
DEI,Douglas Emmett,Real Estate,Office REITs,"Santa Monica, California"
DFIN,"Donnelley Financial Solutions, Inc.",Financials,Financial Exchanges & Data,"Chicago, Illinois"
DGII,Digi International Inc.,Information Technology,Communications Equipment,"Hopkins, Minnesota"
DIN,"Dine Brands Global, Inc.",Consumer Discretionary,Restaurants,"Glendale, California"
DIOD,Diodes Incorporated,Information Technology,Semiconductors,"Plano, Texas"
DLX,Deluxe Corporation,Industrials,Commercial Printing,"Minneapolis, Minnesota"
DNOW,NOW Inc,Industrials,Trading Companies & Distributors,"Houston, Texas"
DORM,"Dorman Products, Inc.",Consumer Discretionary,Auto Parts & Equipment,"Colmar, Pennsylvania"
DRH,DiamondRock Hospitality Company,Real Estate,Hotel & Resort REITs,"Bethesda, Maryland"
DRQ,Dril-Quip Inc.,Energy,Oil & Gas Equipment & Services,"Houston, Texas"
DV,"DoubleVerify Holdings, Inc.",Information Technology,Application Software,"New York City, New York"
DVAX,Dynavax Technologies Corp.,Health Care,Biotechnology,"Emeryville, California"
DXC,DXC Technology,Information Technology,IT Consulting & Other Services,"Tysons Corner, Virginia"
DXPE,"DXP Enterprises, Inc.",Industrials,Trading Companies & Distributors,"Houston, Texas"
DY,"Dycom Industries, Inc.",Industrials,Construction & Engineering,"Palm Beach Gardens, Florida"
EAT,"Brinker International, Inc.",Consumer Discretionary,Restaurants,"Dallas, Texas"
ECPG,"Encore Capital Group, Inc.",Financials,Consumer Finance,"San Diego, California"
EFC,"Ellington Financial, Inc.",Financials,Specialized Finance,"Greenwich, Connecticut"
EGBN,Eagle Bancorp Inc,Financials,Regional Banks,"Bethesda, Maryland"
EHAB,"Enhabit, Inc.",Health Care,Health Care Facilities,"Dallas, Texas"
EIG,"Employers Holdings, Inc.",Financials,Property & Casualty Insurance,"Henderson, Nevada"
ELF,"e.l.f. Beauty, Inc.",Consumer Staples,Personal Products,"Oakland, California"
ELME,Elme Communities,Real Estate,Diversified REITs,"Bethesda, Maryland"
EMBC,Embecta Corp.,Health Care,Health Care Equipment,"Wilmington, Delaware"
ENR,Energizer,Consumer Staples,Household Products,"St. Louis, Missouri"
ENSG,"Ensign Group, Inc.",Health Care,Health Care Facilities,"San Juan Capistrano, California"
ENV,"Envestnet, Inc.",Information Technology,Application Software,"Berwyn, Pennsylvania"
ENVA,"Enova International, Inc.",Financials,Consumer Finance,"Chicago, Illinois"
EPAC,Enerpac Tool Group,Industrials,Industrial Machinery,"Menomonee Falls, Wisconsin"
EPC,Edgewell Personal Care,Consumer Staples,Household Products,"Shelton, Connecticut"
EPRT,"Essential Properties Realty Trust, Inc.",Real Estate,Diversified REITs,"Princeton, New Jersey"
ESE,ESCO Technologies Inc.,Industrials,Industrial Machinery,"St. Louis, Missouri"
ETD,"Ethan Allen Interiors, Inc.",Consumer Discretionary,Home Furnishings,"Danbury, Connecticut"
EVTC,"EVERTEC, Inc.",Financials,Transaction & Payment Processing Services,"San Juan, Puerto Rico"
EXPI,"eXp World Holdings, Inc.",Real Estate,Real Estate Services,"Bellingham, Washington"
EXTR,"Extreme Networks, Inc.",Information Technology,Communications Equipment,"Morrisville, North Carolina"
EYE,National Vision Holdings,Consumer Discretionary,Specialty Stores,"Duluth, Georgia"
EZPW,"EZCORP, Inc.",Financials,Consumer Finance,"Austin, Texas"
FBK,FB Financial Corp.,Financials,Regional Banks,"Nashville, Tennessee"
FBNC,First Bancorp (Southern Pines NC),Financials,Regional Banks,"Southern Pines, North Carolina"
FBP,First BanCorp (Puerto Rico),Financials,Regional Banks,"San Juan, Puerto Rico"
FBRT,"Franklin BSP Realty Trust, Inc.",Real Estate,Mortgage REITs,"New York City, New York"
FCF,"First Commonwealth Financial, Corp.",Financials,Regional Banks,"Indiana, Pennsylvania"
FCPT,"Four Corners Property Trust, Inc.",Real Estate,Specialized REITs,"Mill Valley, California"
FDP,"Fresh Del Monte Produce, Inc.",Consumer Staples,Packaged Foods & Meats,"Coral Gables, Florida"
FELE,Franklin Electric,Industrials,Industrial Machinery,"Fort Wayne, Indiana"
FFBC,First Financial Bancorp.,Financials,Regional Banks,"Cincinnati, Ohio"
FHB,"First Hawaiian, Inc.",Financials,Regional Banks,"Honolulu, Hawaii"
FIZZ,National Beverage Corp.,Consumer Staples,Soft Drinks,"Fort Lauderdale, Florida"
FL,Foot Locker,Consumer Discretionary,Apparel Retail,"New York City, New York"
FLGT,"Fulgent Genetics, Inc.",Health Care,Health Care Services,"El Monte, California"
FN,Fabrinet,Information Technology,Electronic Manufacturing Services,"Santa Clara, California"
FORM,"FormFactor, Inc.",Information Technology,Semiconductor Equipment,"Livermore, California"
FORR,"Forrester Research, Inc.",Industrials,Research & Consulting Services,"Cambridge, Massachusetts"
FSS,Federal Signal Corporation,Industrials,Construction Machinery & Heavy Trucks,"Oak Brook, Illinois"
FTDR,"Frontdoor, Inc.",Consumer Discretionary,Specialized Consumer Services,"Memphis, Tennessee"
FTRE,"Fortrea Holdings, Inc.",Health Care,Biotechnology,"Durham, North Carolina"
FUL,H.B. Fuller Company,Materials,Specialty Chemicals,"Vadnais Heights, Minnesota"
FULT,Fulton Financial Corporation,Financials,Regional Banks,"Lancaster, Pennsylvania"
FWRD,Forward Air Corp.,Industrials,Air Freight & Logistics,"Greeneville, Tennessee"
GBX,"The Greenbrier Companies, Inc.",Industrials,Construction Machinery & Heavy Trucks,"Lake Oswego, Oregon"
GDEN,Golden Entertainment,Consumer Discretionary,Casinos & Gaming,"Enterprise, Nevada"
GDOT,Green Dot Corporation,Financials,Consumer Finance,"Austin, Texas"
GEO,"GEO Group, Inc.",Industrials,Environmental & Facilities Services,"Boca Raton, Florida"
GES,"Guess, Inc.",Consumer Discretionary,Apparel Retail,"Los Angeles, California"
GFF,Griffon Corporation,Industrials,Building Products,"New York City, New York"
GIII,"G-III Apparel Group, Ltd.",Consumer Discretionary,"Apparel, Accessories & Luxury Goods","New York City, New York"
GKOS,Glaukos Corp.,Health Care,Health Care Equipment,"San Clemente, California"
GMS,"GMS, Inc.",Industrials,Building Products,"Tucker, Georgia"
GNL,"Global Net Lease, Inc.",Real Estate,Diversified REITs,"New York City, New York"
GNW,"Genworth Financial, Inc.",Financials,Multi-line Insurance,"Henrico County, Virginia"
GOGO,"Gogo, Inc.",Communication Services,Wireless Telecommunication Services,"Broomfield, Colorado"
GPI,"Group 1 Automotive, Inc.",Consumer Discretionary,Automotive Retail,"Houston, Texas"
GPRE,"Green Plains, Inc.",Energy,Coal & Consumable Fuels,"Omaha, Nebraska"
GRBK,"Green Brick Partners, Inc.",Consumer Discretionary,Homebuilding,"Plano, Texas"
GSHD,"Goosehead Insurance, Inc.",Financials,Insurance Brokers,"Westlake, Texas"
GTY,Getty Realty Corp.,Real Estate,Retail REITs,"New York City, New York"
GVA,"Granite Construction, Inc.",Industrials,Construction & Engineering,"Watsonville, California"
HAFC,Hanmi Financial Corporation,Financials,Regional Banks,"Los Angeles, California"
HAIN,Hain Celestial Group,Consumer Staples,Packaged Foods & Meats,"Lake Success, New York"
HASI,"Hannon Armstrong Sustainable Infrastructure Capital, Inc.",Financials,Specialized Finance,"Annapolis, Maryland"
HAYN,"Haynes International, Inc.",Materials,Steel,"Kokomo, Indiana"
HAYW,"Hayward Holdings, Inc.",Industrials,Electrical Components & Equipment,"Charlotte, North Carolina"
HBI,"Hanesbrands, Inc.",Consumer Discretionary,"Apparel, Accessories & Luxury Goods","Winston-Salem, North Carolina"
HCC,"Warrior Met Coal, Inc.",Materials,Steel,"Brookwood, Alabama"
HCI,"HCI Group, Inc.",Financials,Property & Casualty Insurance,"Tampa, Florida"
HCSG,"Healthcare Services Group, Inc.",Industrials,Environmental & Facilities Services,"Bensalem Township, Pennsylvania"
HFWA,Heritage Financial Corporation,Health Care,Regional Banks,"Olympia, Washington"
HI,"Hillenbrand, Inc.",Industrials,Industrial Machinery,"Batesville, Indiana"
HIBB,"Hibbett Sports, Inc.",Consumer Discretionary,Specialty Stores,"Birmingham, Alabama"
HIW,Highwoods Properties],Real Estate,Office REITs,"Raleigh, North Carolina"
HLIT,Harmonic Inc.,Information Technology,Communications Equipment,"San Jose, California"
HLX,"Helix Energy Solutions Group, Inc.",Energy,Oil & Gas Equipment & Services,"Houston, Texas"
HMN,Horace Mann Educators Corporation,Financials,Multi-line Insurance,"Springfield, Illinois"
HNI,HNI Corporation,Industrials,Office Services & Supplies,"Muscatine, Iowa"
HOPE,"Hope Bancorp, Inc.",Financials,Regional Banks,"Koreatown, Los Angeles"
HOUS,Anywhere Real Estate,Real Estate,Real Estate Services,"Madison, New Jersey"
HP,"Helmerich & Payne, Inc.",Energy,Oil & Gas Drilling,"Tulsa, Oklahoma"
HPP,Hudson Pacific Properties,Financials,Office REITs,"Los Angeles, California"
HRMY,"Harmony Biosciences Holdings, Inc.",Health Care,Biotechnology,"Plymouth Meeting, Pennsylvania"
HSII,"Heidrick & Struggles International, Inc.",Industrials,Human Resource & Employment Services,"Chicago, Illinois"
HSTM,"HealthStream, Inc.",Health Care,Health Care Technology,"Nashville, Tennessee"
HTH,Hilltop Holdings Inc.,Financials,Regional Banks,"Dallas, Texas"
HTLD,"Heartland Express, Inc.",Industrials,Cargo Ground Transportation,"North Liberty, Iowa"
HUBG,"Hub Group, Inc.",Industrials,Air Freight & Logistics,"Oak Brook, Illinois"
HVT,"Haverty Furniture Companies, Inc.",Consumer Discretionary,Homefurnishing Retail,"Atlanta, Georgia"
HWKN,"Hawkins, Inc.",Materials,Commodity Chemicals,"Roseville, Minnesota"
HZO,"MarineMax, Inc.",Consumer Discretionary,Specialty Stores,"Clearwater, Florida"
IBP,"Installed Building Products, Inc.",Consumer Discretionary,Homebuilding,"Columbus, Ohio"
IBTX,"Independent Bank Group, Inc.",Financials,Regional Banks,"McKinney, Texas"
ICHR,"Ichor Holdings, Ltd.",Information Technology,Semiconductor Equipment,"Fremont, California"
ICUI,ICU Medical,Health Care,Health Care Supplies,"San Clemente, California"
IDCC,"InterDigital, Inc.",Information Technology,Communications Equipment,"Wilmington, Delaware"
IIIN,"Insteel Industries, Inc.",Industrials,Building Products,"Mount Airy, North Carolina"
IIPR,"Innovative Industrial Properties, Inc.",Real Estate,Industrial REITs,"Park City, Utah"
INDB,Independent Bank Corp.,Financials,Regional Banks,"Rockland, Massachusetts"
INN,"Summit Hotel Properties, Inc.",Real Estate,Hotel & Resort REITs,"Austin, Texas"
INVA,"Innoviva, Inc.",Health Care,Pharmaceuticals,"Burlingame, California"
IOSP,"Innospec, Inc.",Materials,Specialty Chemicals,"Englewood, Colorado"
IPAR,"Inter Parfums, Inc.",Consumer Staples,Personal Products,"New York City, New York"
IRBT,iRobot Corporation,Consumer Discretionary,Household Appliances,"Bedford, Massachusetts"
IRWD,"Ironwood Pharmaceuticals, Inc.",Health Care,Pharmaceuticals,"Boston, Massachusetts"
ITGR,Integer Holdings Corporation,Health Care,Health Care Equipment,"Plano, Texas"
ITRI,"Itron, Inc.",Information Technology,Electronic Equipment & Instruments,"Liberty Lake, Washington"
JACK,Jack in the Box,Consumer Discretionary,Restaurants,"San Diego, California"
JBGS,JBG Smith,Real Estate,Office REITs,"Bethesda, Maryland"
JBLU,JetBlue,Industrials,Passenger Airlines,"Long Island City, New York"
JBSS,"John B. Sanfilippo & Son, Inc.",Consumer Staples,Packaged Foods & Meats,"Elgin, Illinois"
JBT,John Bean Technologies Corporation,Industrials,Industrial Machinery,"Chicago, Illinois"
JJSF,J&J Snack Foods Corp.,Consumer Staples,Packaged Foods & Meats,"Pennsauken Township, New Jersey"
JOE,St. Joe Company,Real Estate,Real Estate Development,"Panama City Beach, Florida"
JXN,"Jackson Financial, Inc.",Financials,Life & Health Insurance,"Lansing, Michigan"
KALU,Kaiser Aluminum Corporation,Materials,Aluminum,"Franklin, Tennessee"
KAMN,Kaman Corporation,Industrials,Trading Companies & Distributors,"Bloomfield, Connecticut"
KAR,"OPENLANE, Inc.",Industrials,Diversified Support Services,"Carmel, Indiana"
KELYA,"Kelly Services, Inc.",Industrials,Human Resource & Employment Services,"Troy, Michigan"
KFY,Korn/Ferry International,Industrials,Human Resource & Employment Services,"Los Angeles, California"
KLG,WK Kellogg Co,Consumer Staples,Packaged Foods & Meats,"Battle Creek, Michigan"
KLIC,"Kulicke and Soffa Industries, Inc.",Information Technology,Semiconductor Equipment,"Serangoon, North-East Region, Singapore"
KMT,Kennametal,Industrials,Industrial Machinery,"Pittsburgh, Pennsylvania"
KN,Knowles Corporation,Information Technology,Electronic Components,"Itasca, Illinois"
KOP,"Koppers Holdings, Inc.",Materials,Commodity Chemicals,"Pittsburgh, Pennsylvania"
KREF,"KKR Real Estate Finance Trust, Inc.",Financials,Mortgage REITs,"New York City, New York"
KSS,"Kohl's Corp.",Consumer Discretionary,Broadline Retail,"Menomonee Falls, Wisconsin"
KTB,Kontoor Brands,Consumer Discretionary,"Apparel, Accessories & Luxury Goods","Greensboro, North Carolina"
KW,"Kennedy-Wilson Holdings, Inc.",Real Estate,Real Estate Services,"Beverly Hills, California"
KWR,Quaker Chemical Corporation,Materials,Specialty Chemicals,"Conshohocken, Pennsylvania"
LBRT,"Liberty Energy, Inc.",Energy,Oil & Gas Equipment & Services,"Denver, Colorado"
LCII,LCI Industries,Consumer Discretionary,Auto Parts & Equipment,"Elkhart, Indiana"
LESL,"Leslie's, Inc.",Consumer Discretionary,Home Improvement Retail,"Phoenix, Arizona"
LGIH,LGI Homes,Consumer Discretionary,Homebuilding,"The Woodlands, Texas"
LGND,"Ligand Pharmaceuticals, Inc.",Health Care,Biotechnology,"San Diego, California"
LKFN,Lakeland Financial,Financials,Diversified Banks,"Warsaw, Indiana"
LMAT,LeMaitre Vascular,Health Care,Health Care Equipment,"Burlington, Massachusetts"
LNC,Lincoln Financial,Financials,Multi-line Insurance,"Radnor, Pennsylvania"
LNN,Lindsay Corporation,Materials,Agricultural & Farm Machinery,"Omaha, Nebraska"
LPG,Dorian LPG Ltd.,Energy,Oil & Gas Storage & Transportation,"Stamford, Connecticut"
LQDT,"Liquidity Services, Inc.",Industrials,Diversified Support Services,"Bethesda, Maryland"
LRN,"Stride, Inc.",Consumer Discretionary,Education Services,"Herndon, Virginia"
LTC,"LTC Properties, Inc.",Real Estate,Health Care REITs,"Westlake Village, California"
LUMN,Lumen Technologies,Communication Services,Alternative Carriers,"Monroe, Louisiana"
LXP,Lexington Realty Trust,Real Estate,Diversified REITs,"New York City, New York"
LZB,"La-Z-Boy, Inc.",Consumer Discretionary,Home Furnishings,"Monroe, Michigan"
MAC,Macerich,Real Estate,Retail REITs,"Santa Monica, California"
MATV,"Mativ Holdings, Inc.",Materials,Specialty Chemicals,"Alpharetta, Georgia"
MATW,Matthews International Corporation,Industrials,Diversified Support Services,"Pittsburgh, Pennsylvania"
MATX,"Matson, Inc.",Industrials,Marine,"Honolulu, Hawaii"
MBC,"MasterBrand, Inc.",Industrials,Building Products,"Jasper, Indiana"
MC,Moelis & Company,Financials,Investment Banking & Brokerage,"New York City, New York"
MCRI,"Monarch Casino & Resort, Inc.",Consumer Discretionary,Casinos & Gaming,"Reno, Nevada"
MCS,The Marcus Corporation,Consumer Discretionary,Movies & Entertainment,"Milwaukee, Wisconsin"
MCW,"Mister Car Wash, Inc.",Consumer Discretionary,Specialized Consumer Services,"Tucson, Arizona"
MCY,Mercury General,Financials,Property & Casualty Insurance,"Los Angeles, California"
MD,Mednax,Health Care,Health Care Services,"Sunrise, Florida"
MDC,"M.D.C. Holdings, Inc.",Consumer Discretionary,Homebuilding,"Denver, Colorado"
MDRX,Veradigm,Health Care,Health Care Technology,"Chicago, Illinois"
MED,"Medifast, Inc.",Consumer Staples,Personal Products,"Baltimore, Maryland"
MEI,"Methode Electronics, Inc.",Information Technology,Electronic Manufacturing Services,"Chicago, Illinois"
MERC,"Mercer International, Inc.",Materials,Forest Products,"Vancouver, British Columbia"
MGPI,"MGP Ingredients, Inc.",Consumer Staples,Distillers & Vintners,"Atchison, Kansas"
MHO,"M/I Homes, Inc.",Consumer Discretionary,Homebuilding,"Columbus, Ohio"
MLAB,Mesa Laboratories Inc,Health Care,Health Care Equipment,"Lakewood, Colorado"
MLKN,"MillerKnoll, Inc.",Industrials,Office Services & Supplies,"Zeeland, Michigan"
MLI,"Mueller Industries, Inc.",Industrials,Industrial Machinery,"Collierville, Tennessee"
MMI,"Marcus & Millichap, Inc.",Real Estate,Real Estate Services,"Calabasas, California"
MMSI,"Merit Medical Systems, Inc.",Health Care,Health Care Supplies,"South Jordan, Utah"
MNRO,"Monro, Inc.",Consumer Discretionary,Automotive Retail,"Rochester, New York"
MODG,Topgolf Callaway Brands,Consumer Discretionary,Leisure Products,"Carlsbad, California"
MODV,"ModivCare, Inc.",Health Care,Health Care Services,"Denver, Colorado"
MOG-A,Moog Inc.,Industrials,Aerospace & Defense,"Elma, New York"
MOV,"Movado Group, Inc.",Consumer Discretionary,"Apparel, Accessories & Luxury Goods","Paramus, New Jersey"
MRCY,Mercury Systems,Industrials,Electrical Components & Equipment,"Andover, Massachusetts"
MRTN,Marten Transport Ltd.,Industrials,Cargo Ground Transportation,"Mondovi, Wisconsin"
MSEX,Middlesex Water Company,Utilities,Water Utilities,"Iselin, New Jersey"
MSGS,Madison Square Garden Sports Corp.,Communication Services,Movies & Entertainment,"New York City, New York"
MTH,Meritage Homes Corporation,Consumer Discretionary,Homebuilding,"Scottsdale, Arizona"
MTRN,Materion Corp.,Materials,Diversified Metals & Mining,"Mayfield Heights, Ohio"
MTX,Minerals Technologies,Materials,Specialty Chemicals,"New York City, New York"
MXL,"MaxLinear, Inc.",Information Technology,Semiconductors,"Carlsbad, California"
MYE,"Myers Industries, Inc.",Materials,Metal & Glass Containers,"Akron, Ohio"
MYGN,"Myriad Genetics, Inc.",Health Care,Biotechnology,"Salt Lake City, Utah"
MYRG,"MYR Group, Inc.",Industrials,Construction & Engineering,"Thornton, Colorado"
NABL,"N-able, Inc.",Information Technology,Systems Software,"Wilmington, Delaware"
NATL,NCR Atleos,Financials,Transaction & Payment Processing Services,"Atlanta, Georgia"
NAVI,Navient,Financials,Consumer Finance,"Wilmington, Delaware"
NBHC,National Bank Holdings Corporation,Financials,Regional Banks,"Greenwood Village, Colorado"
NBR,"Nabors Industries, Ltd.",Energy,Oil & Gas Drilling,"Houston, Texas"
NBTB,"NBT Bancorp, Inc.",Financials,Regional Banks,"Norwich, New York"
NEO,"NeoGenomics Laboratories, Inc.",Health Care,Health Care Services,"Fort Myers, Florida"
NFBK,"Northfield Bancorp, Inc. (Staten Island, NY)",Financials,Regional Banks,"Woodbridge Township, New Jersey"
NGVT,"Ingevity, Corp.",Materials,Specialty Chemicals,"North Charleston, South Carolina"
NHC,"National Healthcare, Corp.",Health Care,Health Care Facilities,"Murfreesboro, Tennessee"
NMIH,"NMI Holdings, Inc.",Financials,Commercial & Residential Mortgage Finance,"Emeryville, California"
NOG,"Northern Oil and Gas, Inc.",Energy,Oil & Gas Exploration & Production,"Minnetonka, Minnesota"
NPK,"National Presto Industries, Inc.",Industrials,Aerospace & Defense,"Eau Claire, Wisconsin"
NPO,"EnPro Industries, Inc.",Industrials,Industrial Machinery,"Charlotte, North Carolina"
NSIT,"Insight Enterprises, Inc.",Industrials,Technology Distributors,"Tempe, Arizona"
NTCT,"NETSCOUT Systems, Inc.",Information Technology,Communications Equipment,"Westford, Massachusetts"
NUS,Nu Skin Enterprises,Consumer Staples,Personal Products,"Provo, Utah"
NVEE,NV5 Global,Industrials,Construction & Engineering,"Hollywood, Florida"
NVRI,Enviri Corporation,Industrials,Industrial Machinery,"Philadelphia, Pennsylvania"
NWBI,"Northwest Bancshares, Inc.",Financials,Regional Banks,"Warren, Pennsylvania"
NWL,Newell Brands,Consumer Discretionary,Housewares & Specialties,"Atlanta, Georgia"
NWN,NW Natural,Utilities,Gas Utilities,"Portland, Oregon"
NX,Quanex Building Products Corporation,Industrials,Building Products,"Houston, Texas"
NXRT,"NexPoint Residential Trust, Inc.",Real Estate,Multi-Family Residential REITs,"Dallas, Texas"
NYMT,"New York Mortgage Trust, Inc.",Real Estate,Mortgage REITs,"New York City, New York"
ODP,The ODP Corporation,Consumer Discretionary,Specialty Stores,"Boca Raton, Florida"
OFG,OFG Bancorp,Financials,Regional Banks,"San Juan, Puerto Rico"
OGN,Organon & Co.,Health Care,Pharmaceuticals,"Jersey City, New Jersey"
OI,"O-I Glass, Inc.",Materials,Metal & Glass Containers,"Perrysburg, Ohio"
OII,"Oceaneering International, Inc.",Energy,Oil & Gas Equipment & Services,"Houston, Texas"
OIS,"Oil States International, Inc.",Energy,Oil & Gas Equipment & Services,"Houston, Texas"
OMCL,Omnicell,Health Care,Health Care Technology,"Fort Worth, Texas"
OMI,"Owens & Minor, Inc.",Health Care,Health Care Distributors,"Mechanicsville, Virginia"
OSIS,"OSI Systems, Inc.",Information Technology,Electronic Equipment & Instruments,"Hawthorne, California"
OSUR,"OraSure Technologies, Inc.",Health Care,Health Care Supplies,"Bethlehem, Pennsylvania"
OTTR,Otter Tail Corporation,Utilities,Electric Utilities,"Fergus Falls, Minnesota"
OUT,Outfront Media,Real Estate,Other Specialized REITs,"New York City, New York"
OXM,"Oxford Industries, Inc.",Consumer Discretionary,"Apparel, Accessories & Luxury Goods","Atlanta, Georgia"
PAHC,Phibro Animal Health,Health Care,Pharmaceuticals,"Teaneck, New Jersey"
PARR,"Par Pacific Holdings, Inc.",Energy,Oil & Gas Refining & Marketing,"Houston, Texas"
PAYO,Payoneer Global Inc.,Financials,Transaction & Payment Processing Services,"New York City, New York"
PATK,"Patrick Industries, Inc.",Consumer Discretionary,Auto Parts & Equipment,"Elkhart, Indiana"
PBH,Prestige Consumer Healthcare,Health Care,Pharmaceuticals,"Tarrytown, New York"
PBI,"Pitney Bowes, Inc.",Industrials,Office Services & Supplies,"Stamford, Connecticut"
PCRX,"Pacira BioSciences, Inc.",Health Care,Pharmaceuticals,"Tampa, Florida"
PDCO,Patterson Companies,Health Care,Health Care Distributors,"Saint Paul, Minnesota"
PDFS,"PDF Solutions, Inc.",Information Technology,Semiconductor Equipment,"Santa Clara, California"
PEB,Pebblebrook Hotel Trust,Real Estate,Hotel & Resort REITs,"Bethesda, Maryland"
PECO,Phillips Edison & Company,Real Estate,Retail REITs,"Cincinnati, Ohio"
PFBC,Preferred Bank,Financials,Regional Banks,"Los Angeles, California"
PFS,"Provident Financial Services, Inc.",Financials,Regional Banks,"Jersey City, New Jersey"
PGTI,"PGT Innovations, Inc.",Industrials,Building Products,"Venice, Florida"
PHIN,"PHINIA, Inc.",Consumer Discretionary,Automotive Retail,"Auburn Hills, Michigan"
PINC,"Premier, Inc.",Health Care,Health Care Services,"Charlotte, North Carolina"
PIPR,Piper Sandler Companies,Financials,Investment Banking & Brokerage,"Minneapolis, Minnesota"
PJT,"PJT Partners, Inc.",Financials,Investment Banking & Brokerage,"New York City, New York"
PLAB,"Photronics, Inc.",Information Technology,Semiconductor Equipment,"Brookfield, Connecticut"
PLAY,"Dave & Buster's Entertainment, Inc.",Consumer Discretionary,Restaurants,"Dallas, Texas"
PLMR,"Palomar Holdings, Inc.",Financials,Property & Casualty Insurance,"La Jolla, California"
PLUS,"ePlus, Inc.",Information Technology,Technology Distributors,"Herndon, Virginia"
PLXS,Plexus Corp.,Information Technology,Electronic Manufacturing Services,"Neenah, Wisconsin"
PMT,PennyMac Mortgage Investment Trust,Real Estate,Mortgage REITs,"Westlake Village, California"
POWL,"Powell Industries, Inc.",Industrials,Electrical Components & Equipment,"Houston, Texas"
PPBI,"Pacific Premier Bancorp, Inc.",Financials,Regional Banks,"Irvine, California"
PRA,ProAssurance Corporation,Financials,Property & Casualty Insurance,"Birmingham, Alabama"
PRAA,"PRA Group, Inc.",Financials,Consumer Finance,"Norfolk, Virginia"
PRDO,Perdoceo Education Corp.,Consumer Discretionary,Education Services,"Schaumburg, Illinois"
PRFT,"Perficient, Inc.",Information Technology,IT Consulting & Other Services,"St. Louis, Missouri"
PRG,"PROG Holdings, Inc.",Financials,Consumer Finance,"Draper, Utah"
PRGS,Progress Software Corporation,Information Technology,Systems Software,"Burlington, Massachusetts"
PRK,Park National Corp.,Financials,Diversified Banks,"Newark, Ohio"
PRLB,Protolabs,Industrials,Industrial Machinery,"Maple Plain, Minnesota"
PRVA,"Privia Health Group, Inc.",Health Care,Health Care Services,"Arlington County, Virginia"
PSMT,PriceSmart,Consumer Staples,Hypermarkets & Super Centers,"San Diego, California"
PTEN,"Patterson-UTI Energy, Inc.",Energy,Oil & Gas Drilling,"Houston, Texas"
PUMP,ProPetro Holding Corp.,Energy,Oil & Gas Equipment & Services,"Midland, Texas"
PZZA,"Papa John's Pizza",Consumer Discretionary,Restaurants,"Jeffersontown, Kentucky"
QNST,"QuinStreet, Inc.",Communication Services,Interactive Media & Services,"Foster City, California"
RAMP,"LiveRamp Holdings, Inc.",Information Technology,Application Software,"San Francisco, California"
RC,Ready Capital Corp,Financials,Mortgage REITs,"New York City, New York"
RCUS,"Arcus Biosciences, Inc.",Health Care,Biotechnology,"Hayward, California"
RDN,"Radian Group, Inc.",Financials,Property & Casualty Insurance,"Philadelphia, Pennsylvania"
RDNT,"RadNet, Inc.",Health Care,Health Care Services,"Los Angeles, California"
RES,"RPC, Inc.",Energy,Oil & Gas Equipment & Services,"Atlanta, Georgia"
REX,REX American Resources Corporation,Energy,Oil & Gas Refining & Marketing,"Dayton, Ohio"
REZI,"Resideo Technologies, Inc.",Industrials,Trading Companies & Distributors,"Austin, Texas"
RGNX,REGENXBIO Inc.,Health Care,Biotechnology,"Rockville, Maryland"
RGP,"Resources Connection, Inc.",Industrials,Research & Consulting Services,"Irvine, California"
RGR,"Sturm, Ruger & Company, Inc.",Consumer Discretionary,Leisure Products,"Southport, Connecticut"
RILY,B. Riley Financial,Financials,Asset Management & Custody Banks,"Los Angeles, California"
RNST,Renasant Corp.,Financials,Regional Banks,"Tupelo, Mississippi"
ROCK,"Gibraltar Industries, Inc.",Industrials,Building Products,"Buffalo, New York"
ROG,Rogers Corporation,Information Technology,Electronic Components,"Chandler, Arizona"
ROIC,Retail Opportunity Investments Corp.,Real Estate,Retail REITs,"San Diego, California"
RUSHA,Rush Enterprises,Industrials,Construction Machinery & Heavy Transportation Equipment,"New Braunfels, Texas"
RWT,"Redwood Trust, Inc.",Real Estate,Mortgage REITs,"Mill Valley, California"
RXO,"RXO, Inc.",Industrials,Cargo Ground Transportation,"Charlotte, North Carolina"
SAFE,"Safehold, Inc.",Real Estate,Other Specialized REITs,"New York City, New York"
SABR,Sabre,Consumer Discretionary,"Hotels, Resorts & Cruise Lines","Southlake, Texas"
SAFT,"Safety Insurance Group, Inc.",Financials,Property & Casualty Insurance,"Boston, Massachusetts"
SAH,"Sonic Automotive, Inc.",Consumer Discretionary,Automotive Retail,"Charlotte, North Carolina"
SANM,Sanmina Corporation,Information Technology,Electronic Manufacturing Services,"San Jose, California"
SATS,EchoStar Corporation,Communication Services,Wireless Telecommunication Services,"Englewood, Colorado"
SBCF,Seacoast Banking Corporation of Florida,Financials,Regional Banks,"Stuart, Florida"
SBH,"Sally Beauty Holdings, Inc.",Consumer Discretionary,Specialty Stores,"Denton, Texas"
SBSI,"Southside Bancshares, Inc.",Financials,Regional Banks,"Tyler, Texas"
SCHL,Scholastic Corporation,Consumer Discretionary,Publishing,"New York City, New York"
SCL,Stepan Company,Materials,Specialty Chemicals,"Northfield, Illinois"
SCSC,"ScanSource, Inc.",Information Technology,Technology Distributors,"Greenville, South Carolina"
SCVL,"Shoe Carnival, Inc.",Consumer Discretionary,Apparel Retail,"Evansville, Indiana"
SDGR,"Schrödinger, Inc.",Health Care,Health Care Services,"New York City, New York"
SEDG,SolarEdge,Information Technology,Semiconductor Materials & Equipment,"Herzliya, Israel"
SEE,Sealed Air,Materials,Paper & Plastic Packaging Products & Materials,"Charlotte, North Carolina"
SEM,"Select Medical Holdings, Corp.",Health Care,Health Care Facilities,"Mechanicsburg, Pennsylvania"
SFBS,"ServisFirst Bancshares, Inc.",Financials,Regional Banks,"Birmingham, Alabama"
SFNC,Simmons First National Corporation,Financials,Regional Banks,"Little Rock, Arkansas"
SGH,"SMART Global Holdings, Inc.",Information Technology,Semiconductors,"Newark, California"
SHAK,"Shake Shack, Inc.",Consumer Discretionary,Restaurants,"New York City, New York"
SHEN,Shenandoah Telecommunications Co,Communication Services,Wireless Telecommunication Services,"Edinburg, Virginia"
SHO,"Sunstone Hotel Investors, Inc.",Real Estate,Hotel & Resort REITs,"Aliso Viejo, California"
SHOO,"Steven Madden, Ltd.",Consumer Discretionary,Footwear,"Long Island City, New York"
SIG,Signet Jewelers,Consumer Discretionary,Specialty Stores,"Akron, Ohio"
SITC,SITE Centers Corp.,Real Estate,Retail REITs,"Beachwood, Ohio"
SITM,SiTime,Information Technology,Semiconductors,"Santa Clara, California"
SIX,Six Flags,Consumer Discretionary,Leisure Facilities,"Arlington, Texas"
SJW,SJW Group,Utilities,Water Utilities,"San Jose, California"
SKT,"Tanger Factory Outlet Centers, Inc.",Real Estate,Retail REITs,"Greensboro, North Carolina"
SKYW,"SkyWest, Inc.",Industrials,Airlines,"St. George, Utah"
SLCA,"U.S. Silica Holdings, Inc.",Energy,Oil & Gas Equipment & Services,"Katy, Texas"
SLG,SL Green Realty,Real Estate,Office REITs,"New York City, New York"
SLP,"Simulations Plus, Inc.",Health Care,Health Care Technology,"Lancaster, California"
SLVM,Sylvamo Corp.,Materials,Paper Products,"Memphis, Tennessee"
SM,SM Energy Company,Energy,Oil & Gas Exploration & Production,"Denver, Colorado"
SMP,"Standard Motor Products, Inc.",Consumer Discretionary,Auto Parts & Equipment,"Long Island City, New York"
SMPL,Simply Good Foods Company,Consumer Staples,Packaged Foods & Meats,"Denver, Colorado"
SMTC,Semtech Corporation,Information Technology,Semiconductors,"Camarillo, California"
SNCY,Sun Country Airlines,Industrials,Airlines,"Minneapolis, Minnesota"
SNEX,StoneX Group Inc.,Financials,Investment Banking & Brokerage,"New York City, New York"
SONO,"Sonos, Inc.",Consumer Discretionary,Consumer Electronics,"Santa Barbara, California"
SPNT,SiriusPoint Ltd.,Financials,Reinsurance,"New York City, New York"
SPSC,"SPS Commerce, Inc.",Information Technology,Application Software,"Minneapolis, Minnesota"
SPTN,SpartanNash Company,Consumer Staples,Food Distributors,"Byron Center, Michigan"
SPWR,SunPower Corporation,Industrials,Electrical Components & Equipment,"Richmond, California"
SPXC,SPX Corporation,Industrials,Industrial Machinery,"Charlotte, North Carolina"
SSP,The E.W. Scripps Company,Consumer Discretionary,Broadcasting,"Cincinnati, Ohio"
SSTK,"Shutterstock, Inc.",Communication Services,Interactive Media & Services,"New York City, New York"
STAA,STAAR Surgical Company,Health Care,Health Care Equipment,"Monrovia, California"
STBA,"S&T Bancorp, Inc.",Financials,Regional Banks,"Indiana, Pennsylvania"
STC,Stewart Information Services Corporation,Financials,Property & Casualty Insurance,"Houston, Texas"
STEL,"Stellar Bancorp, Inc.",Financials,Regional Banks,"Houston, Texas"
STRA,"Strategic Education, Inc.",Consumer Discretionary,Education Services,"Herndon, Virginia"
SUPN,"Supernus Pharmaceuticals, Inc.",Health Care,Pharmaceuticals,"Rockville, Maryland"
SVC,Service Properties Trust,Real Estate,Hotel & Resort REITs,"Newton, Massachusetts"
SXC,"SunCoke Energy, Inc.",Materials,Steel,"Lisle, Illinois"
SXI,Standex International Corporation,Industrials,Industrial Machinery,"Salem, New Hampshire"
SXT,Sensient Technologies,Materials,Specialty Chemicals,"Milwaukee, Wisconsin"
TALO,"Talos Energy, Inc.",Energy,Oil & Gas Exploration & Production,"Houston, Texas"
TBBK,"The Bancorp, Inc.",Financials,Regional Banks,"Wilmington, Delaware"
TBI,"TrueBlue, Inc.",Industrials,Human Resource & Employment Services,"Tacoma, Washington"
TDS,"Telephone and Data Systems, Inc.",Communication Services,Integrated Telecommunication Services,"Chicago, Illinois"
TFIN,"Triumph Bancorp, Inc.",Financials,Regional Banks,"Dallas, Texas"
TGI,"Triumph Group, Inc.",Industrials,Aerospace & Defense,"Berwyn, Pennsylvania"
THRM,Gentherm Incorporated,Consumer Discretionary,Auto Parts & Equipment,"Farmington Hills, MI"
THRY,"Thryv Holdings, Inc.",Communication Services,Interactive Media & Services,"Dallas, Texas"
THS,"TreeHouse Foods, Inc.",Consumer Staples,Packaged Foods & Meats,"Oak Brook, Illinois"
TILE,"Interface, Inc.",Industrials,Office Services & Supplies,"Atlanta, Georgia"
TMP,Tompkins Financial Corporation,Financials,Regional Banks,"Ithaca, New York"
TMST,TimkenSteel Corporation,Materials,Steel,"Canton, Ohio"
TNC,Tennant Company,Industrials,Industrial Machinery,"Eden Prairie, Minnesota"
TNDM,Tandem Diabetes Care,Health Care,Health Care Equipment,"San Diego, California"
TPH,"Tri Pointe Homes, Inc.",Consumer Discretionary,Homebuilding,"Incline Village, Nevada"
TR,"Tootsie Roll Industries, Inc.",Consumer Staples,Packaged Foods & Meats,"Chicago, Illinois"
TRIP,TripAdvisor,Communication Services,Interactive Media & Services,"Needham, Massachusetts"
TRMK,Trustmark Corp.,Financials,Regional Banks,"Jackson, Mississippi"
TRN,"Trinity Industries, Inc.",Industrials,Construction Machinery & Heavy Trucks,"Dallas, Texas"
TRST,TrustCo Bank Corp NY,Financials,Regional Banks,"Glenville, New York"
TRUP,Trupanion,Financials,Life & Health Insurance,"Seattle, Washington"
TTEC,"TTEC Holdings, Inc.",Industrials,Data Processing & Outsourced Services,"Greenwood Village, Colorado"
TTGT,TechTarget,Communication Services,Interactive Media & Services,"Newton, Massachusetts"
TTMI,"TTM Technologies, Inc.",Information Technology,Electronic Manufacturing Services,"Santa Ana, California"
TWI,"Titan International, Inc.",Materials,Agricultural & Farm Machinery,"Quincy, Illinois"
TWO,Two Harbors Investment Corp.,Financials,Mortgage REITs,"St. Louis Park, Minnesota"
UCBI,"United Community Banks, Inc.",Financials,Regional Banks,"Greenville, South Carolina"
UCTT,"Ultra Clean Holdings, Inc.",Information Technology,Semiconductor Equipment,"Hayward, California"
UE,Urban Edge Properties,Real Estate,Retail REITs,"Paramus, New Jersey"
UFCS,"United Fire Group, Inc.",Financials,Property & Casualty Insurance,"Cedar Rapids, Iowa"
UFPT,"UFP Technologies, Inc.",Health Care,Health Care Equipment,"Newburyport, Massachusetts"
UHT,Universal Health Realty Income Trust,Real Estate,Health Care REITs,"King of Prussia, Pennsylvania"
UNF,UniFirst Corporation,Industrials,Diversified Support Services,"Wilmington, Massachusetts"
UNFI,United Natural Foods Inc,Consumer Staples,Food Retail,"Providence, Rhode Island"
UNIT,Uniti Group,Real Estate,Specialized REITs,"Little Rock, Arkansas"
UPBD,"Upbound Group, Inc.",Consumer Discretionary,Computer & Electronics Retail,"Plano, Texas"
URBN,"Urban Outfitters, Inc.",Consumer Discretionary,Apparel Retail,"Philadelphia, Pennsylvania"
USNA,"Usana Health Sciences, Inc.",Consumer Staples,Packaged Foods & Meats,"West Valley City, Utah"
USPH,"U.S. Physical Therapy, Inc.",Health Care,Health Care Facilities,"Houston, Texas"
UTL,Unitil Corporation,Utilities,Electric Utilities,"Hampton, New Hampshire"
UVV,Universal Corporation,Consumer Staples,Tobacco,"Richmond, Virginia"
VBTX,"Veritex Holdings, Inc.",Financials,Regional Banks,"Dallas, Texas"
VCEL,Vericel,Health Care,Biotechnology,"Cambridge, Massachusetts"
VECO,Veeco Instruments Inc.,Information Technology,Semiconductor Equipment,"Plainview, New York"
VGR,Vector Group,Consumer Staples,Tobacco,"Miami, Florida"
VIAV,VIAVI Solutions,Information Technology,Communications Equipment,"Chandler, Arizona"
VICR,Vicor Corporation,Industrials,Electrical Components & Equipment,"Andover, Massachusetts"
VIR,"Vir Biotechnology, Inc.",Health Care,Biotechnology,"San Francisco, California"
VRE,"Veris Residential, Inc.",Real Estate,Office REITs,"Jersey City, New Jersey"
VREX,Varex Imaging Corporation,Health Care,Health Care Equipment,"Salt Lake City, Utah"
VRRM,Verra Mobility Corporation,Industrials,Data Processing & Outsourced Services,"Mesa, Arizona"
VRTS,"Virtus Investment Partners, Inc.",Financials,Asset Management & Custody Banks,"Hartford, Connecticut"
VSAT,"Viasat, Inc.",Information Technology,Communications Equipment,"Carlsbad, California"
VSCO,"Victoria's Secret",Consumer Discretionary,Apparel Retail,"Reynoldsburg, Ohio"
VSTO,Vista Outdoor Inc.,Consumer Discretionary,Leisure Products,"Anoka, Minnesota"
VSTS,Vestis,Industrials,Diversified Support Services,"Roswell, Georgia"
VTOL,Bristow Group Inc.,Energy,Oil & Gas Equipment & Services,"Aberdeen, Scotland"
VTLE,"Vital Energy, Inc.",Energy,Oil & Gas Exploration & Production,"Tulsa, Oklahoma"
VVI,Viad Corp,Industrials,Diversified Support Services,"Scottsdale, Arizona"
VYX,NCR Voyix,Information Technology,IT Consulting & Other Services,"Atlanta, Georgia"
WABC,Westamerica Bancorporation,Financials,Regional Banks,"San Rafael, California"
WAFD,Washington Federal,Financials,Regional Banks,"Seattle, Washington"
WD,"Walker & Dunlop, Inc.",Financials,Commercial & Residential Mortgage Finance,"Bethesda, Maryland"
WDFC,WD-40 Company,Consumer Staples,Household Products,"San Diego, California"
WGO,"Winnebago Industries, Inc.",Consumer Discretionary,Automobile Manufacturers,"Eden Prairie, Minnesota"
WIRE,Encore Wire Corporation,Industrials,Electrical Components & Equipment,"McKinney, Texas"
WKC,World Kinect Corporation,Energy,Oil & Gas Refining & Marketing,"Doral, Florida"
WLY,John Wiley & Sons,Communication Services,Publishing,"Hoboken, New Jersey"
WNC,Wabash National,Industrials,Construction Machinery & Heavy Trucks,"Lafayette, Indiana"
WOR,Worthington Enterprises,Consumer Discretionary,Other Specialty Retail,"Columbus, Ohio"
WRLD,World Acceptance Corporation,Financials,Consumer Finance,"Greenville, South Carolina"
WS,Worthington Steel,Materials,Steel,"Columbus, Ohio"
WSFS,WSFS Financial Corporation,Financials,Regional Banks,"Wilmington, Delaware"
WSR,Whitestone REIT,Real Estate,Retail REITs,"Houston, Texas"
WT,"WisdomTree Investments, Inc.",Financials,Asset Management & Custody Banks,"New York City, New York"
WWW,"Wolverine World Wide, Inc.",Consumer Discretionary,Footwear,"Rockford, Michigan"
XHR,"Xenia Hotels & Resorts, Inc.",Real Estate,Hotel & Resort REITs,"Orlando, Florida"
XNCR,Xencor Inc,Health Care,Biotechnology,"Pasadena, California"
XPEL,"XPEL, Inc.",Consumer Discretionary,Auto Parts & Equipment,"San Antonio, Texas"
XPER,"Xperi, Inc.",Information Technology,Semiconductor Equipment,"San Jose, California"
XRX,Xerox,Information Technology,"Technology Hardware, Storage & Peripherals","Norwalk, Connecticut"
YELP,"Yelp, Inc.",Communication Services,Interactive Media & Services,"San Francisco, California"
ZEUS,"Olympic Steel, Inc.",Materials,Steel,"Cleveland, Ohio"
